Brandt Snedeker,Brian Gay,Carl Pettersson,J.P. Hayes,Zach Johnson,Matt Kuchar,Chris Couch,Jeff Quinney,Ryan Palmer,Michael Sim,Steve Stricker,Greg Chalmers,Tom Gillis,Matt Bettencourt,Padraig Harrington,Chad Collins,Luke Donald,Brad Faxon,Webb Simpson,Ben Crane,Charley Hoffman,Kevin Na,Geoff Ogilvy,Charlie Wi,Paul Casey,Matt Jones,Jeff Overton,David Toms,Jason Bohn,Ryuji Imada,Kevin Streelman,Tim Clark,Troy Merritt,Brendon de Jonge,Paul Goydos,Scott Piercy,Justin Rose,Mike Weir,Phil Mickelson,Bubba Watson,Charles Howell III,Nick Watney,Spencer Levin,Retief Goosen,Bryce Molder,Jim Furyk,Dustin Johnson,Vaughn Taylor,Rich Barcelo,Ernie Els,Ryan Moore,Alex Prugh,Rory Sabbatini,Jerod Turner,Steve Flesch,Blake Adams,Steve Marino,Jimmy Walker,Stephen Ames,Matt Every,Steve Elkington,K.J. Choi,Chris Riley,Steve Wheatcroft,Ricky Barnes,Daniel Chopra,James Nitties,Tim Petrovic,Stewart Cink,Jason Day,Stuart Appleby,Aron Price,Rickie Fowler,Michael Letzig,Kevin Stadler,Brian Stuard,Nathan Green,Andres Romero,Scott McCarron,Lucas Glover,Tom Pernice Jr.,Woody Austin,Martin Flores,Robert Garrigus,Chris Tidland,Joe Durant,Brenden Pappas,Skip Kendall,Vijay Singh,D.J. Trahan,Lee Janzen,Marc Leishman,Richard Johnson,Jeff Maggert,Chad Campbell,Derek Lamely,John Rollins,Jeev Milkha Singh,Rory McIlroy,Jonathan Byrd,Tim Herron,John Merrick,Steve Lowery,Camilo Villegas,Kevin Johnson,Angel Cabrera,Ted Purdy,Michael Bradley,Alex Cejka,Ben Curtis,Bob Estes,Rod Pampling,Jay Williamson,Nicholas Thompson,Henrik Bjornstad,Vance Veazey,Charles Warren,Mark Wilson,Briny Baird,Will MacKenzie,Sergio Garcia,Andrew McLardy,Greg Owen,Jarrod Lyle,Jason Dufner,Chris Wilson,Brent Delahoussaye,Graham DeLaet,Cliff Kresge,Davis Love III,Boo Weekley,Cameron Percy,Bill Lunde,Garth Mulroy,Omar Uresti,David Lutterus,Mathew Goggin,Troy Matteson,Greg Kraft,Craig Bowden,Mathias Gronberg,Kris Blanks,Cameron Tringale,Billy Mayfair,Roger Tambellini,Jeff Gove,Steve Stricker,Kevin Na,Andres Romero,Brandt Snedeker,Webb Simpson,Matt Kuchar,Jason Day,Freddie Jacobson,Steven Bowditch,Carl Pettersson,Lee Janzen,Chris Couch,Geoff Ogilvy,Shane Bertsch,Chris Kirk,Hunter Mahan,Joe Ogilvie,Lucas Glover,Charlie Wi,Brian Gay,George McNeill,Ryan Moore,Brian Davis,Zach Johnson,Martin Laird,Matt McQuillan,Ian Poulter,Blake Adams,J.B. Holmes,Matt Jones,Anthony Kim,Sung Kang,Arjun Atwal,Keegan Bradley,Angel Cabrera,David Mathis,Hunter Haas,Steve Marino,Jeff Overton,Chez Reavie,Kyle Stanley,Woody Austin,Kevin Kisner,Camilo Villegas,Matt Bettencourt,Ryan Palmer,D.A. Points,Jimmy Walker,Tim Herron,Scott Piercy,Bio Kim,Nick O'Hern,Michael Thompson,Bill Haas,Aron Price,Retief Goosen,Graeme McDowell,Ryuji Imada,Jerry Kelly,Tim Petrovic,Dean Wilson,Scott McCarron,Phil Mickelson,Garrett Willis,Chris DiMarco,Sergio Garcia,Fabian Gomez,Y.E. Yang,Troy Matteson,Rod Pampling,Charl Schwartzel,Jim Furyk,Paul Stankowski,Brendan Steele,Mark Wilson,Jason Dufner,David Duval,Stewart Cink,Ben Crane,Justin Rose,Kevin Chappell,Marc Leishman,Alex Cejka,Tag Ridings,Stephen Ames,K.J. Choi,John Rollins,Rory Sabbatini,Kevin Streelman,Andres Gonzales,Bo Van Pelt,Charles Howell III,Harrison Frazar,Billy Horschel,Brandt Jobe,Martin Piller,Johnson Wagner,Paul Goydos,Gary Woodland,D.J. Brigman,James Driscoll,William McGirt,Stuart Appleby,Kent Jones,Michael Putnam,Derek Lamely,Davis Love III,Heath Slocum,Briny Baird,J.J. Henry,Ricky Barnes,Ben Curtis,J.P. Hayes,Bobby Gates,Alex Prugh,Michael Connell,Chad Campbell,Rocco Mediate,Chris Riley,Ernie Els,Will Strickler,Richard Johnson,Shaun Micheel,Jarrod Lyle,Jhonattan Vegas,Daniel Summerhays,Scott Gutschewski,Troy Merritt,Tom Gillis,Jim Herman,Rich Beem,Joe Durant,Alexandre Rocha,Justin Hicks,Brandt Snedeker,Zach Johnson,Greg Chalmers,Webb Simpson,Bo Van Pelt,Graeme McDowell,Carl Pettersson,Ryan Moore,John Daly,Aaron Baddeley,Jeff Overton,Brian Davis,Phil Mickelson,Scott Piercy,Steve Stricker,Ken Duke,Sangmoon Bae,James Driscoll,Padraig Harrington,Y.E. Yang,Tommy Gainey,Matt Kuchar,Ryan Palmer,Charlie Wi,Tom Gillis,Brian Harman,Jason Day,Jason Dufner,Louis Oosthuizen,Matt Every,Keegan Bradley,Bob Estes,Brian Gay,Jimmy Walker,Ben Curtis,Marco Dawson,Sergio Garcia,Danny Lee,Matt Bettencourt,Davis Love III,Vaughn Taylor,Ian Poulter,Mark Anderson,David Mathis,Tommy Biershenk,Derek Lamely,Garth Mulroy,Gavin Coles,John Huh,Rory Sabbatini,Bubba Watson,Lee Westwood,Bryce Molder,Rickie Fowler,Jim Furyk,Michael Thompson,J.B. Holmes,William McGirt,Chris Stroud,Edward Loar,Nick Watney,Chris Couch,Ryuji Imada,Will Claxton,Hunter Haas,Seung-Yul Noh,Justin Rose,Charl Schwartzel,David Toms,Blake Adams,Stuart Appleby,Harris English,Kevin Kisner,Jerry Kelly,Bill Lunde,Daniel Summerhays,Jonathan Byrd,Robert Garrigus,Robert Karlsson,Jeff Maggert,K.J. Choi,Sean O'Hair,Camilo Villegas,Charley Hoffman,Billy Horschel,Colt Knost,Hunter Mahan,Adam Scott,Gary Christian,Nathan Green,J.J. Killeen,Vijay Singh,Johnson Wagner,Arjun Atwal,John Rollins,Russell Knox,Justin Leonard,George McNeill,Kevin Streelman,Brandt Jobe,John Mallinger,D.A. Points,Harrison Frazar,Freddie Jacobson,Kevin Stadler,Brendon Todd,Charles Howell III,"Ted Potter, Jr.",Kyle Stanley,Roland Thatcher,Graham DeLaet,Troy Matteson,Jhonattan Vegas,Ernie Els,Mathew Goggin,Tim Herron,Matt Jones,Jason Kokrak,Mark Wilson,Charlie Beljan,Kevin Chappell,Rod Pampling,Tom Pernice Jr.,Bill Haas,Sung Kang,John Merrick,Ryo Ishikawa,Marc Leishman,Kyle Reifers,Miguel Angel Carballo,Patrick Sheehan,Michael Bradley,Angel Cabrera,Heath Slocum,Cameron Tringale,Ricky Barnes,Stephen Gangluff,Bobby Gates,Scott Brown,J.J. Henry,Scott Stallings,Stewart Cink,Kris Blanks,Gary Woodland,Chez Reavie,Trevor Immelman,Billy Mayfair,Alexandre Rocha,Brendan Steele,Kyle Thompson,Phil Mickelson,Aaron Baddeley,Greg Chalmers,Steve Stricker,Chris Kirk,Charlie Wi,Ryan Palmer,Tiger Woods,Jason Bohn,Brian Davis,Charley Hoffman,Sangmoon Bae,Brian Gay,Rory McIlroy,Billy Horschel,James Driscoll,Morgan Hoffmann,Mike Weir,Luke Donald,Harris English,James Hahn,Sergio Garcia,Matt Kuchar,Doug LaBelle II,Matt Every,Charles Howell III,Daniel Summerhays,Robert Garrigus,Jason Day,Webb Simpson,Freddie Jacobson,Patrick Reed,Russell Henley,Gary Woodland,Stephen Ames,Peter Hanson,Carl Pettersson,Jim Furyk,Brian Harman,Bob Estes,Rory Sabbatini,Ernie Els,Aaron Watkins,Matt Jones,David Toms,Brendon de Jonge,Ken Duke,Jerry Kelly,Jason Kokrak,David Lingmerth,Pat Perez,John Rollins,D.A. Points,Adam Scott,Scott Stallings,John Merrick,Bill Haas,Colt Knost,Martin Flores,David Lynn,Jonas Blixt,Chez Reavie,Tag Ridings,Josh Teater,Brad Fritsch,Tommy Gainey,Steven Bowditch,Jason Dufner,Justin Rose,"Ted Potter, Jr.",Justin Bolli,Tim Herron,Zach Johnson,Henrik Stenson,Hunter Mahan,Ian Poulter,Bo Van Pelt,Bud Cauley,Scott Brown,Shawn Stefani,Erik Compton,Ryan Moore,Ben Crane,Marc Leishman,Kevin Streelman,Robert Streb,Y.E. Yang,Scott Langley,Darron Stiles,Andrew Svoboda,Seung-Yul Noh,Justin Hicks,Henrik Norlander,Bubba Watson,Scott Gardiner,Rod Pampling,Jin Park,Kevin Chappell,Brendan Steele,Nicholas Thompson,Casey Wittenberg,Graham DeLaet,Luke List,Martin Laird,Troy Matteson,Graeme McDowell,Alistair Presnell,Michael Thompson,Chad Campbell,Tom Gillis,Padraig Harrington,Lee Williams,Robert Allenby,Boo Weekley,Nick Watney,Stewart Cink,Derek Ernst,Ricky Barnes,J.J. Henry,Jim Herman,Angel Cabrera,Ryo Ishikawa,Lee Westwood,Ben Curtis,Mark Wilson,Sean O'Hair,Charlie Beljan,Michael Bradley,Lucas Glover,Johnson Wagner,Trevor Immelman,Eric Meierdierks,Vijay Singh,Rory McIlroy,Dustin Johnson,Chris Stroud,Jerry Kelly,Ryan Palmer,Charl Schwartzel,Brendon Todd,Matt Jones,Aaron Baddeley,Freddie Jacobson,K.J. Choi,Graeme McDowell,Greg Chalmers,Stuart Appleby,Troy Merritt,Ian Poulter,Brian Stuard,Brooks Koepka,Phil Mickelson,Kevin Na,Paul Casey,Scott Langley,Lee Westwood,Tim Clark,Rickie Fowler,Brian Harman,Matt Kuchar,Brandt Snedeker,Charley Hoffman,Jason Bohn,William McGirt,Justin Rose,Justin Leonard,Luke Donald,Martin Kaymer,Chris Kirk,Ben Martin,Sangmoon Bae,Zach Johnson,George McNeill,Andres Romero,Kevin Streelman,Camilo Villegas,Kevin Kisner,Chesson Hadley,Bryce Molder,Tim Wilkinson,Chad Collins,Ben Crane,Webb Simpson,Ernie Els,Matt Every,Jeff Overton,Jonas Blixt,Keegan Bradley,Daniel Summerhays,Patrick Reed,Wes Roach,Michael Thompson,David Lingmerth,Pat Perez,John Senden,David Toms,Hideki Matsuyama,Richard Lee,Will MacKenzie,Jonathan Byrd,James Driscoll,Brendan Steele,Cameron Tringale,Tyrone Van Aswegen,Gary Woodland,Angel Cabrera,Harris English,Danny Lee,Seung-Yul Noh,Ben Curtis,Bill Haas,Henrik Stenson,Brian Gay,Hunter Mahan,Brendon de Jonge,Robert Garrigus,Stewart Cink,Russell Knox,Gonzalo Fernandez-Castano,Y.E. Yang,Jason Dufner,Steven Bowditch,Billy Hurley III,Graham DeLaet,Martin Flores,Kevin Stadler,Spencer Levin,Carl Pettersson,Bo Van Pelt,Billy Horschel,Charlie Wi,Jamie Lovemark,Andrew Svoboda,Nick Watney,Woody Austin,Sean O'Hair,Davis Love III,Geoff Ogilvy,Ken Duke,Justin Hicks,John Huh,Bud Cauley,Johnson Wagner,Willy Wilcox,Troy Matteson,Scott Stallings,Josh Teater,Trevor Immelman,Martin Laird,Jim Herman,D.A. Points,Heath Slocum,D.H. Lee,Jim Renner,Chad Campbell,Michael Putnam,Vijay Singh,Hudson Swafford,John Rollins,Jhonattan Vegas,Briny Baird,J.J. Henry,Robert Allenby,John Peterson,Nicholas Thompson,Kevin Tway,Mark Wilson,Kyle Stanley,Lucas Glover,Jason Bohn,Daniel Summerhays,Morgan Hoffmann,J.B. Holmes,Matt Jones,Patrick Reed,Zach Johnson,Justin Rose,Justin Thomas,Phil Mickelson,Ryan Moore,Pat Perez,Kevin Na,Jerry Kelly,Hideki Matsuyama,Brendon Todd,Chesson Hadley,Aaron Baddeley,Charley Hoffman,Ian Poulter,Steve Wheatcroft,Luke Guthrie,Fabian Gomez,Tom Hoge,Colt Knost,Robert Streb,Jonas Blixt,David Lingmerth,Patrick Rodgers,Brian Stuard,Steven Bowditch,Jeff Overton,Nick Taylor,Brendon de Jonge,Hudson Swafford,Chris Kirk,Kevin Chappell,Erik Compton,Andrew Putnam,Sangmoon Bae,K.J. Choi,Brooks Koepka,Chris Stroud,Derek Fathauer,James Hahn,Brian Harman,John Huh,George McNeill,Brendan Steele,Steven Alker,Alex Cejka,Oscar Fraustro,Carlos Ortiz,Blayne Barber,Chad Collins,Willy Wilcox,Graham DeLaet,Martin Laird,Troy Merritt,Scott Pinckney,Zac Blair,Kevin Kisner,Marc Leishman,Seung-Yul Noh,John Senden,Jason Kokrak,Ben Martin,Rory Sabbatini,Brian Davis,Michael Thompson,Jon Curran,Eric Axley,Russell Knox,Louis Oosthuizen,Tyrone Van Aswegen,Tim Wilkinson,Mark Wilson,Nick Watney,Daniel Berger,Max Homa,Chad Campbell,Billy Hurley III,Keegan Bradley,Cameron Tringale,Ken Duke,Kevin Streelman,Billy Horschel,Jonathan Randolph,Chez Reavie,Jamie Donaldson,Mark Hubbard,Henrik Stenson,Boo Weekley,Jason Dufner,Charles Howell III,Matt Every,John Merrick,John Peterson,Vijay Singh,Roberto Castro,Gonzalo Fernandez-Castano,Bo Van Pelt,Luke Donald,Jim Furyk,Webb Simpson,Jonathan Byrd,Alex Prugh,Charl Schwartzel,Spencer Levin,Jhonattan Vegas,Ben Crane,Gary Woodland,Brice Garnett,Robert Garrigus,Francesco Molinari,Bill Haas,Sam Saunders,Greg Owen,Michael Putnam,Angel Cabrera,Adam Scott,Byron Smith,Jim Herman,J.J. Henry,Ernie Els,Bill Lunde,Derek Ernst,Sung Joon Park,Robert Allenby,Lucas Glover,Jim Renner,Dustin Johnson,Jordan Spieth,Kevin Kisner,Jonas Blixt,Adam Hadwin,Steve Stricker,Jason Bohn,Ricky Barnes,Andrew Loupe,Freddie Jacobson,Hideki Matsuyama,Bryce Molder,Ryan Moore,Billy Hurley III,Stuart Appleby,Retief Goosen,Matt Kuchar,Kevin Na,Alex Cejka,Troy Merritt,Brandt Snedeker,Derek Fathauer,Smylie Kaufman,Peter Malnati,David Hearn,Charles Howell III,J.B. Holmes,Ben Martin,Daniel Berger,Ernie Els,Morgan Hoffmann,Zach Johnson,Cameron Tringale,Brian Harman,Chris Stroud,Jimmy Walker,Anirban Lahiri,Willy Wilcox,Hiroshi Iwata,Si Woo Kim,Patton Kizzire,Seung-Yul Noh,Kevin Chappell,K.J. Choi,Fabian Gomez,Michael Kim,Marc Leishman,Jamie Lovemark,Matt Jones,Nick Taylor,Erik Compton,Justin Rose,Michael Thompson,Steve Wheatcroft,Rickie Fowler,Vijay Singh,Lucas Glover,Kelly Kraft,Graham DeLaet,D.H. Lee,Tom Hoge,Chris Kirk,Hunter Mahan,Cameron Smith,Hudson Swafford,Jason Gore,Ken Duke,Robert Garrigus,Danny Lee,Chez Reavie,Dawie van der Walt,Billy Horschel,Branden Grace,Russell Henley,Sung Kang,John Senden,Camilo Villegas,Padraig Harrington,Martin Laird,George McNeill,Henrik Norlander,Blayne Barber,Steven Bowditch,Jason Dufner,Gary Woodland,Abraham Ancer,Harris English,Tony Finau,Kevin Streelman,Bubba Watson,Emiliano Grillo,Charley Hoffman,Chesson Hadley,Martin Piller,Scott Stallings,Jhonattan Vegas,Johnson Wagner,Chad Collins,Geoff Ogilvy,James Hahn,Francesco Molinari,Zac Blair,John Huh,Rob Oppenheim,Scott Piercy,Luke Donald,Russell Knox,Jason Kokrak,Steve Marino,Sam Saunders,Andres Gonzales,Jim Herman,Andrew Landry,Will MacKenzie,Paul Casey,Jerry Kelly,Luke List,Patrick Rodgers,Shane Lowry,Rod Pampling,Jim Furyk,Rory Sabbatini,Brett Stegmaier,Bronson Burgoon,Scott Pinckney,David Toms,Whee Kim,Keegan Bradley,Jeff Overton,Shawn Stefani,Harold Varner III,Mark Wilson,Scott Langley,Angel Cabrera,Rhein Gibson,Thomas Aiken,Derek Ernst,J.J. Henry,Justin Thomas,Jordan Spieth,Jason Day,Rickie Fowler,Brooks Koepka,Anirban Lahiri,Whee Kim,Graeme McDowell,Phil Mickelson,Cameron Smith,Chris Kirk,Jonas Blixt,Camilo Villegas,J.T. Poston,Patrick Reed,Zach Johnson,Hideki Matsuyama,Grayson Murray,Cody Gribble,Dustin Johnson,Carl Pettersson,Matt Every,Tom Hoge,Danny Lee,Sam Saunders,Russell Henley,Pat Perez,Chez Reavie,Chris Stroud,Aaron Baddeley,Soren Kjeldsen,Brandt Snedeker,Patrick Cantlay,Marc Leishman,Greg Chalmers,Jason Dufner,Derek Fathauer,Jon Rahm,Webb Simpson,Ryan Blaum,Xander Schauffele,Vaughn Taylor,Kevin Na,Tim Wilkinson,Charley Hoffman,Martin Laird,Seamus Power,Tag Ridings,Blayne Barber,Stewart Cink,Tony Finau,Robert Garrigus,J.B. Holmes,Ryan Moore,Seung-Yul Noh,Charl Schwartzel,Paul Casey,Ernie Els,Patton Kizzire,Brian Stuard,Daniel Summerhays,Jamie Lovemark,Rory Sabbatini,Morgan Hoffmann,Jimmy Walker,Bud Cauley,Michael Kim,Rory McIlroy,Justin Rose,Keegan Bradley,Charles Howell III,Sung Kang,Matt Kuchar,Nicholas Lindheim,Sean O'Hair,Robert Streb,Rick Lamb,Troy Merritt,Cameron Tringale,Kyle Stanley,Hudson Swafford,Rafa Cabrera Bello,K.J. Choi,Ryo Ishikawa,Adam Scott,Zac Blair,Ben Crane,Matt Jones,Bryce Molder,Ian Poulter,Ollie Schniederjans,Chad Collins,Fabian Gomez,Mackenzie Hughes,Jonathan Randolph,Kevin Chappell,Gonzalo Fernandez-Castano,Kevin Kisner,Luke List,Kelly Kraft,Sebastian Munoz,Sergio Garcia,Dominic Bozzelli,Emiliano Grillo,J.J. Spaun,Brandon Hagy,Johnson Wagner,Michael Thompson,Harris English,Byeong Hun An,Martin Flores,John Huh,Bubba Watson,Ken Duke,Kevin Streelman,William McGirt,Scott Stallings,Shawn Stefani,Tyrone Van Aswegen,Chad Campbell,David Hearn,Si Woo Kim,Mark Anderson,Nick Taylor,Brett Stegmaier,Ryan Armour,Brendan Steele,Harold Varner III,Gary Woodland,Brad Fritsch,Retief Goosen,Spencer Levin,Miguel Angel Carballo,Hunter Mahan,Billy Horschel,Branden Grace,Geoff Ogilvy,Alex Cejka,Jason Kokrak,Jason Bohn,Rod Pampling,Kyle Reifers,Roberto Castro,J.J. Henry,Patrick Rodgers,Boo Weekley,Steven Bowditch,Ryan Palmer,Dustin Johnson,Ricky Barnes,Kevin Na,Peter Malnati,Justin Rose,Ollie Schniederjans,Rory McIlroy,Daniel Summerhays,David Lingmerth,Chesson Hadley,John Huh,Webb Simpson,Whee Kim,Tiger Woods,Tommy Fleetwood,Brandon Harkins,Cameron Smith,Michael Kim,Patrick Reed,Greg Chalmers,Brooks Koepka,J.T. Poston,Wesley Bryan,Beau Hossler,Aaron Wise,Jamie Lovemark,Tom Hoge,Derek Fathauer,Emiliano Grillo,Hideki Matsuyama,Ryan Palmer,Johnson Wagner,Jordan Spieth,Nick Watney,Alex Cejka,Austin Cook,Andrew Landry,Jimmy Walker,Billy Horschel,Ben Silverman,Zac Blair,Bryson DeChambeau,Cody Gribble,Trey Mullinax,"Ted Potter, Jr.",Chris Kirk,Cameron Percy,Ryan Blaum,Scott Brown,Ben Crane,Matt Kuchar,Nicholas Lindheim,Martin Piller,Brian Stuard,Xander Schauffele,Martin Laird,J.B. Holmes,Matt Jones,Pat Perez,Mackenzie Hughes,Kevin Kisner,Patrick Rodgers,Tyrone Van Aswegen,Brian Harman,Chez Reavie,Abraham Ancer,Rob Oppenheim,Vaughn Taylor,Si Woo Kim,Anirban Lahiri,Martin Flores,Branden Grace,Lanto Griffin,J.J. Spaun,Ryan Armour,Rafa Cabrera Bello,Kevin Tway,Bubba Watson,Tom Lovelady,Brett Stegmaier,Jason Kokrak,Rory Sabbatini,Michael Thompson,Stewart Cink,Talor Gooch,Charley Hoffman,Denny McCarthy,Bronson Burgoon,Joel Dahmen,David Hearn,Sean O'Hair,D.A. Points,Seamus Power,Ethan Tracy,Jonathan Byrd,Fabian Gomez,Francesco Molinari,Shawn Stefani,Blayne Barber,Patrick Cantlay,Conrad Shindler,Aaron Baddeley,Charles Howell III,Alex Noren,Charl Schwartzel,Richy Werenski,Kiradech Aphibarnrat,Adam Hadwin,Russell Henley,Andrew Putnam,Keegan Bradley,Steve Wheatcroft,Daniel Berger,Sam Ryder,Kevin Chappell,William McGirt,Peter Uihlein,Harold Varner III,Matt Atkins,Jonathan Randolph,Nate Lashley,Byeong Hun An,Retief Goosen,Russell Knox,Rod Pampling,Robert Streb,Shane Lowry,Roberto Diaz,Luke List,Scott Piercy,Tyler Duncan,Graeme McDowell,Kevin Streelman,Tyrrell Hatton,Adam Schenk,Jhonattan Vegas,Andrew Yun,Louis Oosthuizen,Hudson Swafford,Jason Dufner,Cameron Tringale,Chad Campbell,Brendan Steele
14.689617,14.287193401540131,0.4024237554422907
14.961569,14.235313716525688,0.7262551158717727
14.615927,14.475340843489738,0.14058589906397323
13.893724,13.667615934808724,0.22610850671959604
14.468013,14.886063849121234,-0.41805103936781585
14.547641,15.406881440082023,-0.8592406396059484
13.408434,13.696891422874153,-0.2884575086895822
14.505065,13.314412467956794,1.1906524963376395
14.228324,14.909209462371628,-0.6808855259092255
13.519222,14.10737835802291,-0.5881560985014254
14.07667,15.248267376244419,-1.171597683251255
14.612789,13.804868127665529,0.8079210263872056
14.562115,13.96921485246214,0.5928998631140328
14.200475,13.659908825869701,0.5405659132050058
13.4175,14.13864567789943,-0.7211461356631013
14.115886,13.612121838686422,0.5037638958716837
14.055783,15.114402738468018,-1.0586194666784667
12.601145,10.923813922805694,1.67733086784372
14.688688,13.788099278144891,0.9005890000533512
14.234199,14.859842639719313,-0.6256440694678478
14.205471,14.755379134964912,-0.5499080961465523
14.588857,14.519505686200823,0.0693510108816966
13.638743,14.688077171561174,-1.0493337709874435
14.7210245,14.265625206185454,0.4553993070591744
13.277332,15.100102426915088,-1.8227701210068847
14.24615,14.010865970486758,0.23528404629790955
14.195568,15.055725123538162,-0.8601570388213648
14.417146,14.27987142171161,0.1372743073533318
13.998666,14.459867624354786,-0.461201814723438
14.438674,13.843969726704238,0.5947042463792584
14.224395,14.202369642560305,0.022025155718504053
14.611275,15.076808995481557,-0.46553427624327526
14.082917,13.57595303138181,0.5069641820581321
14.763883,14.58930549388871,0.174577143135215
13.938812,13.929954692355142,0.008857563504232502
13.92541,13.424585725825668,0.5008245448652495
14.1980095,15.097369253398506,-0.8993597624317093
13.531917,13.23406931820194,0.29784730014522864
14.07949,15.156214542629407,-1.0767248346826293
13.62726,14.978348193736085,-1.3510879856062026
14.408695,14.209045449872479,0.1996497710747871
14.149176,14.746379706443157,-0.597204062522259
14.715838,13.99755791050101,0.7182805218110015
13.776722,14.984297952338316,-1.2075759979926133
14.063589,14.172092097540954,-0.10850300147161818
13.917096,15.386129052715294,-1.4690329147148056
13.80002,15.313596933245174,-1.5135767153496662
14.153027,14.424656916172978,-0.2716303353624312
13.267091,12.148925408098357,1.1181653893259593
13.483746,15.33258336958842,-1.848837794637248
13.930339,14.680433466357865,-0.7500946067997596
14.031324,14.056577324526904,-0.025252937930224206
13.899734,14.251704010669838,-0.3519704672738424
12.402596,11.42237693051756,0.9802195431762879
13.69683,12.995379644849022,0.7014501509883804
13.799351,13.778423247488307,0.020927491037083357
13.634791,14.207038324310515,-0.5722469501039722
13.710333,13.751490302503843,-0.04115743202044442
13.863757,13.728346805729762,0.13541032775412454
13.090222,13.03210382169841,0.05811853700520331
13.492496,13.76955352668109,-0.2770579898768908
14.256016,14.603950190898686,-0.3479344133107958
13.7828665,13.817090309499482,-0.034223831533173765
13.520606,12.920479724384277,0.6001263165703126
14.676736,14.42266130085484,0.2540745771358832
13.408643,12.648849594772077,0.7597931740877861
14.156312,13.17121639674119,0.985095592089376
14.620761,13.844058169513142,0.7767027481504325
13.787266,14.26889878780252,-0.48163301021462956
13.909116,14.881711907579428,-0.972596116258627
14.540767,14.491422053810107,0.04934466219331135
13.606816,13.478268425048952,0.12854786676012964
14.621651,14.865320482388531,-0.24366978658775018
14.102466,13.24232714464731,0.8601384849303262
13.742372,13.74478761934529,-0.0024160602022238464
13.70751,13.192816249238561,0.5146937452682749
14.1350155,13.363235249264491,0.7717802384064072
13.598086,13.794459531742326,-0.1963731746256272
14.061507,13.373187463264815,0.6883197617718064
13.6946,14.2284642233715,-0.5338641180858552
13.671451,13.404121437493087,0.2673291774361122
14.194172,13.497164446054585,0.6970074594629931
13.282313,12.671920777644921,0.610392569217872
13.147837,14.275006044558763,-1.1271693593780991
13.481781,13.284975302577871,0.1968057032815036
13.4128065,13.578209764140073,-0.16540325321478022
13.264869,11.802485772433782,1.4623829638333081
12.65962,12.626226017656448,0.03339426737773188
13.772115,14.103888887972499,-0.3317741342493541
14.101788,14.297747183077163,-0.19595961593849154
13.834509,13.30999580651686,0.5245130893571641
14.198047,14.21350583623135,-0.015459151966213724
13.782969,13.42766039179511,0.35530908299737085
13.402581,13.594337563826333,-0.19175634892154747
14.341017,13.786239304376652,0.5547774650325277
13.449972,13.788099278144891,-0.33812712543493006
13.609248,13.983340111104793,-0.37409194978887506
13.010099,12.948593153520132,0.061506257490609784
13.120685,14.753280550015527,-1.632595926297265
14.069002,14.244028561076666,-0.17502640958740834
13.505263,12.877745902956779,0.6275174255954674
14.379591,13.398198045696729,0.9813929424624508
12.760733,11.683528628809984,1.0772040219468515
13.748547,14.92589396109678,-1.1773473607549825
12.7125845,11.15347524494151,1.5591092506029227
12.85733,14.051719583031797,-1.1943892607661724
13.565511,12.636805810385056,0.9287049394318387
13.693738,12.796201010954672,0.8975369727489415
13.804548,13.714864467475415,0.08968379607438948
13.889643,13.607423092804048,0.28221962265005374
13.89103,13.460488532916418,0.4305417786680543
13.44809,12.609078064414824,0.8390115351945511
13.929547,12.910399598889521,1.0191477109859672
13.487536,13.211243839898204,0.2762925904606828
12.74256,12.28262619624595,0.4599341904117651
12.182328,11.620604291268087,0.5617239329140418
13.20764,13.261455530303197,-0.053815836089329494
13.87915,13.579384345426698,0.29976604519830197
14.13244,13.53258648160869,0.599853131733596
13.498845,13.231224957178563,0.26762014322426886
12.486583,13.75027312597874,-1.2636903699362598
12.555289,10.880045195196931,1.6752440732967209
13.287855,12.501853087488096,0.7860020608273341
12.739841,12.954559921123284,-0.2147184599416434
14.045255,13.930351492103544,0.11490321523288216
12.644561,11.244797622953609,1.3997631909501997
12.784389,11.152070367780533,1.6323181743947597
13.863067,13.768430480762271,0.09463619251653732
13.12699,12.20399047932585,0.9229998389724905
13.491564,14.009819149000124,-0.5182553520030542
13.845046,13.679380362804402,0.16566568059159437
13.028863,13.337897248404381,-0.30903429521834624
13.621621,13.888643912475336,-0.2670227805783636
12.52928,12.56764507717398,-0.03836536831167514
13.722218,12.554808659392249,1.1674089004222044
12.958941,11.72131267504246,1.2376287846133014
13.437997,13.088883116283663,0.3491137480351849
13.4540825,13.509065557541607,-0.05498306852793533
12.647445,10.8623778980291,1.7850668270075207
12.7697,11.856054070162607,0.9136459801913972
13.162269,12.682710469758922,0.47955816885191815
13.555691,13.919129758412383,-0.36343899303152405
12.271271,12.620226563035207,-0.3489558110820816
13.477327,13.37270177396565,0.10462557283610785
13.02838,12.823242800651704,0.20513759333022996
12.2960205,11.431227220985724,0.8647932868267763
14.094602,15.199999289916525,-1.1053976587519738
14.398903,14.664363636943293,-0.26546074387688634
13.837351,14.087926442899827,-0.2505755975629125
14.40315,15.092883905703788,-0.6897343009064247
14.699856,15.663548433568897,-0.9636926291255374
14.495174,15.258638599648414,-0.7634641916894296
13.930431,15.192422541914764,-1.2619911759479674
14.278732,14.727119949443043,-0.44838764963835587
13.889697,13.33969326206007,0.5500038128300666
14.444141,14.247761695691649,0.19637969224780427
13.169925,12.287615765483569,0.8823089705393805
13.782675,13.73483723482793,0.04783755460078076
13.837859,14.46626889213243,-0.628409738384871
13.49091,13.09926669064659,0.39164288576942496
14.429417,14.445518770887924,-0.016102114393783395
14.107903,15.069284158456187,-0.9613816316007178
13.586777,13.49649742040713,0.0902793129913082
13.772289,14.416173412232249,-0.643884136109202
14.030883,13.98819667598801,0.04268615940017284
14.578099,13.961794662981426,0.6163045878120315
13.262107,14.192650948701486,-0.9305440532547085
13.854361,14.479695348393609,-0.6253347679492727
14.817967,14.084015927188528,0.7339514876674293
14.164386,14.446997737137298,-0.2826119415440367
13.604116,14.80002351778925,-1.1959070779699132
13.135222,13.275825820450978,-0.140603385453419
13.333138,13.514304108692606,-0.18116564281125846
14.835923,13.911327881876556,0.9245953130086981
12.560723,14.150970139165876,-1.590246834417341
13.44737,13.308663675167155,0.13870590033333308
13.608461,13.897869043691223,-0.2894076636863403
13.196564,13.462232694550991,-0.26566897384786614
14.300137,13.44478884708037,0.85534771908174
13.929347,15.139556839548092,-1.2102098012790492
12.284741,13.350421233717004,-1.0656798320446406
14.077833,13.48060269706903,0.5972304785901503
14.335138,13.854717809488486,0.4804205114343656
13.587907,14.496117436589643,-0.9082105991262637
13.949146,14.070897460232272,-0.12175118948031916
14.293401,14.641905465919566,-0.3485047014542335
14.1085,14.236623924280863,-0.12812439730332414
13.579298,12.777170829146057,0.8021271902631231
13.040428,12.50680666947657,0.5336214921445244
13.42205,14.024082050676263,-0.6020315746020444
13.8466015,13.448127052931321,0.39847443327473364
13.903272,14.430982642511577,-0.5277109674017133
14.173776,14.525591057210333,-0.3518153842977352
13.882639,14.105605965977754,-0.22296703470333945
13.833027,13.720247777036604,0.11277910894972365
13.587293,14.039419416356301,-0.4521267451526878
13.068867,12.753002593086984,0.31586413664934376
14.094729,13.753873423730099,0.34085599979285064
13.783585,13.74858519057416,0.0349994041524031
13.898681,15.223721976064198,-1.3250412891135142
12.980916,12.716768260845432,0.2641477624089621
13.242358,13.587806623893734,-0.3454484161910969
12.991104,13.900676733616514,-0.9095726076399515
13.9035425,13.805781382654416,0.09776113596130642
14.060226,14.188312657430412,-0.12808621700072464
13.990027,12.96690417516825,1.0231232525050906
13.584242,12.902499442264974,0.681742424800456
12.793732,12.986014304558966,-0.19228261510584055
13.938946,15.140856744930318,-1.2019109746666459
13.352353,13.173797661852314,0.17855543415598696
14.339371,13.543611279387676,0.7957594481513866
13.278506,14.23690872473217,-0.9584024457404716
13.44748,12.852468831400666,0.5950113703205258
13.531748,14.654861496476565,-1.123113678483401
13.872785,13.761042756472454,0.11174185809053405
13.494048,13.413190997430004,0.08085712116130495
12.889591,14.772773545068977,-1.8831823280279618
14.216132,14.240575658460466,-0.024443494459001514
13.84788,12.57836352360703,1.2695168398573262
14.132414,14.496741521582635,-0.36432765744689277
14.278129,14.965600190748411,-0.6874715667860087
14.083756,14.933225555840421,-0.8494691090020421
13.118869,12.900853490932743,0.2180153368870812
13.573937,13.720278575102489,-0.14634115902582856
13.705447,14.334062655506681,-0.628615458546232
13.82979,15.039703255460052,-1.2099131401036072
13.850498,14.107910732646516,-0.25741253318362567
14.044692,13.72813074947573,0.31656129001401645
13.433722,12.751012698311857,0.682708844046541
13.64614,12.854925664735925,0.7912144338358527
13.623109,13.213278458350622,0.4098304054799442
13.873861,15.304968272748415,-1.4311069598822037
13.887276,14.13073435117215,-0.24345865537136824
13.918758,14.699548722667771,-0.7807903303337866
14.273014,14.077878668578215,0.1951354000253005
12.713432,12.138040027138326,0.5753922848733932
14.186433,14.667601911185544,-0.48116907274560283
14.487949,14.735483701430848,-0.24753433009295733
12.901764,14.094857489441138,-1.1930935734255126
13.420322,13.186319854186943,0.234002564025948
14.500307,14.303945163438513,0.19636191969136974
12.755867,11.856210158310157,0.8996568460843744
13.590278,14.018088070658017,-0.42781039884405203
14.052357,14.141446770819133,-0.08909005084843002
14.050356,15.053476009816539,-1.0031200985616557
13.206601,12.162596089109392,1.0440050537739083
12.852399,13.515768049953452,-0.6633691775779642
14.331876,13.18614911527166,1.1457266858147666
13.435639,13.395667581910153,0.03997179949853802
13.276451,12.795588370301912,0.48086274053793154
13.293128,12.89520929464927,0.39791871896157005
12.672787,12.615347155312286,0.05743955733419881
13.35923,13.870281847110057,-0.5110518056061508
14.08181,13.550523657391253,0.5312863401673411
13.036627,13.756063055570854,-0.7194362397749554
13.608543,13.68012258581921,-0.07157918982311706
13.729709,13.765885345238823,-0.036176673668999015
13.636081,12.956228506498354,0.6798522353839704
13.104993,12.137627838114382,0.9673650284017317
13.096693,13.410146444755954,-0.3134534058155243
13.2823,12.584745354705511,0.6975546407168522
13.695256,12.642264158755912,1.0529920744594197
14.448069,13.9144713389355,0.5335972798389133
12.5153475,11.82259894406266,0.6927485367112656
13.781788,12.892202763994723,0.8895851083197304
12.996592,13.763029189675288,-0.7664376216821243
11.935569,11.599378352700427,0.3361904568088505
12.668859,12.264836714060866,0.40402181407634075
13.707767,12.237813531314236,1.469953001583713
13.6780815,12.668100805100087,1.009980707351085
13.228857,14.43307930115086,-1.2042222607455866
13.363907,12.61784780333436,0.7460590570172023
13.016252,12.344781860068734,0.6714697039571451
12.923598,11.928169272041934,0.9954290174478118
13.293393,13.609896218360914,-0.31650308329011345
12.230798,12.190166815846396,0.04063095179276388
12.450273,11.814695336739629,0.6355772233800003
13.589364,12.79049253809834,0.798871513720508
11.985135,12.323966786125286,-0.3388317076951104
12.291683,12.560209370915901,-0.2685261738944167
14.279117,15.422894161750548,-1.1437775311963492
14.640238,15.320530621401797,-0.6802928131742583
14.362163,13.969627237213519,0.3925353528133364
13.908743,15.050039143111563,-1.1412962384484775
14.24247,14.928521684033479,-0.6860518964358224
12.927645,14.694422942486534,-1.7667782128722767
14.576067,15.079257269410311,-0.5031902985851158
14.393812,14.86596253406478,-0.47215035449934994
12.55607,13.099104985827127,-0.5430346580683381
13.856575,14.010874195875573,-0.15429918366854167
14.551374,14.262546180381847,0.28882825504295795
14.307886,14.091649514253572,0.21623660940365497
14.037238,15.25150443157582,-1.2142663105431044
14.564439,14.808467843172837,-0.2440290232875828
13.89344,15.045157249370813,-1.1517170027887822
14.699978,14.228697773704809,0.47128010105105034
13.591185,13.969048478664426,-0.37786386257555904
13.6066475,13.440581444392617,0.1660660470624613
13.740276,14.251356783841558,-0.5110804471716364
13.332768,13.026460221824614,0.3063082184219681
14.595936,14.247778570754525,0.3481572507786783
14.3135,15.177272443671152,-0.8637720393132415
14.050325,14.221784672072152,-0.17145927839539432
14.173711,14.428204446572494,-0.25449362351341165
13.834963,14.029054580886937,-0.19409173603830432
14.763696,13.952178152562198,0.8115175642957126
13.217779,13.949369896808557,-0.7315907372626587
14.322474,15.398461363666065,-1.0759878376650889
13.189676,15.057066677947267,-1.867390393157228
14.038451,14.494642482044055,-0.45619128728087155
14.351177,15.179216204247986,-0.828038988671814
13.939824,13.825232149787377,0.11459195452170512
14.445048,13.77537270436624,0.6696756278481146
14.414754,14.309242310439773,0.10551160343962174
13.035121,14.72945934963602,-1.694338385585727
12.945894,11.286363577797534,1.6595306635354738
13.2168665,14.73583912679148,-1.5189726335663831
13.305259,12.791389596531365,0.513869154384162
13.284929,12.722109666346697,0.5628196091659987
13.52245,13.805210696032235,-0.28276024894971563
13.886751,13.21243805768584,0.6743131172409171
13.453335,14.35508164359144,-0.9017468352418305
13.433901,12.99684096992255,0.4370598632073328
13.747733,13.510024260080504,0.23770885606939807
13.18487,11.583067009812599,1.601802756422753
12.8207,12.130696947073998,0.6900027446984627
12.857162,12.53405177474649,0.3231107008394467
13.831018,12.419412295269925,1.4116061526060513
14.369172,14.805836945091633,-0.4366648488391913
14.135842,13.936682511413103,0.19915981189011944
12.913617,15.351301069088693,-2.437683934994455
13.132684,14.919630650793287,-1.7869468968260023
13.938953,13.969188268816481,-0.03023486915827789
14.047431,14.935979571974276,-0.8885485798478108
14.356371,15.10303486079721,-0.7466639348938902
14.075468,14.15794569538913,-0.08247763203463698
13.908013,13.98060541690524,-0.07259207309420468
14.233443,14.021668263126827,0.21177499706604408
14.1345,13.714107755771897,0.42039179409382577
12.753081,11.49217158537701,1.2609097363392987
14.405416,14.928756254150322,-0.5233407191771775
12.978323,12.724410978095937,0.2539120046921486
13.760268,12.382740751644786,1.3775274597199605
14.136786,13.568289454871007,0.5684970060054582
13.044467,12.897626056714161,0.14684091563691304
14.197996,14.303937186786786,-0.1059410472604192
13.795601,15.272013817577157,-1.4764129264638761
13.366489,13.945524270801549,-0.5790348604011584
13.566998,14.321380723704545,-0.7543831956283729
14.325197,14.026050212832214,0.29914700701641905
13.704256,12.841482126849717,0.8627739308895404
14.152774,13.98609938804757,0.16667446906912886
13.129418,12.754815248341961,0.37460312476594915
13.896659,13.37809027861456,0.5185686187853431
13.90998,13.293957601557395,0.61602221869407
13.455387,13.921239905595225,-0.46585279011670977
13.479463,14.295952641485812,-0.8164900178896204
14.226404,14.98069991352292,-0.7542957234594443
12.9818535,12.882429656782644,0.09942382832477747
13.880836,13.43387232194764,0.4469632111944506
13.426658,13.784077680740705,-0.35742000404392726
13.652711,13.964775034002797,-0.3120641193909801
13.547082,13.105680997070554,0.4414009502561065
13.873585,14.059760200421932,-0.18617545310747907
13.093201,13.094328034109672,-0.0011273505159223873
13.72043,13.65086702014261,0.06956335400289859
13.67859,15.206591694174318,-1.5280018733125011
12.962688,14.880068179786898,-1.917379733741976
13.738685,13.331743850573293,0.4069408036625468
13.16421,12.812165720914926,0.35204459860411674
14.288122,12.93424183315449,1.353880343969534
14.445401,14.276917339984491,0.16848385172693447
13.852232,14.615270170208055,-0.7630381908379373
13.426436,12.762165090920455,0.6642713333349164
13.419223,14.213719402957661,-0.794496571231587
13.55651,13.14721792810153,0.409292043517123
13.6950035,13.199611414390246,0.4953920951312387
13.78659,13.928423085260972,-0.14183346276341346
13.996591,13.703165708532003,0.29342490578684455
12.7063,12.749361587209325,-0.0430618054100087
13.537814,13.952531355528066,-0.4147172152082419
13.975442,14.242971963944335,-0.2675300312661122
12.855056,13.501077856658668,-0.6460220476376719
12.967603,13.767887362621778,-0.8002846328244146
13.643838,14.251204793757486,-0.6073668649855133
13.396893,13.069584769958958,0.3273077776484641
14.1064625,14.065940817705574,0.040521660932121506
13.438238,14.139888524278533,-0.7016503803576342
13.872923,14.670715786832574,-0.7977928894937065
12.48952,12.891187654392855,-0.40166758145584325
13.720287,13.866156142633166,-0.145868819635119
14.020924,13.99695923390856,0.023964380593392676
12.626926,13.594618220764985,-0.9676917986458449
13.762917,15.05478785937759,-1.2918712944361843
13.058416,12.466912672013859,0.5915036945632899
13.957995,13.400417751951334,0.5575776627825526
12.6155,12.612384062084963,0.0031163880493139118
13.437719,13.528121775832016,-0.09040243073924259
13.828929,14.578547540981633,-0.7496185935329027
12.64044,14.132893170185177,-1.49245318300256
13.888383,13.38088797207313,0.507494939608998
13.746968,13.338914043332274,0.4080542260158708
13.000446,12.154284491877867,0.8461618277022112
13.633969,14.669904609298246,-1.0359353023524456
13.211756,12.040248259023672,1.1715074935398047
13.485516,13.896746707049374,-0.4112311125669521
12.819725,13.496750529941632,-0.6770254933205386
13.833663,14.474976852155331,-0.6413138653999599
13.846293,13.014686848523832,0.8316066008780236
13.037726,12.506099457177886,0.5316269451048292
12.7601,11.77213089942946,0.987969465255599
12.782692,12.163926858516483,0.6187650970499234
12.516522,12.55455814734078,-0.0380357398090414
14.007309,13.158110757822836,0.8491982021381013
13.809126,14.019052853705658,-0.20992695343710288
13.957365,13.59910301869522,0.3582620173155213
12.429728,10.98022907678602,1.4494984775352684
13.66746,13.171709577433356,0.49575086415599934
12.777729,13.078960973155326,-0.30123193873149745
13.683508,14.07618262223752,-0.39267470292599604
13.390511,14.073047033544212,-0.6825364744621805
13.024147,13.075632291876707,-0.05148525818530025
13.128777,12.874053288715135,0.2547232615778334
12.819979,13.292745609941859,-0.472766895952601
13.906297,13.271844887891893,0.6344518421496108
13.653961,13.333102308559779,0.32085887308084615
13.824806,13.337410238810987,0.48739597456791905
12.161136,13.328821294548083,-1.167685621025134
13.17667,13.642305320966596,-0.46563524650370525
12.67902,10.724588097406535,1.9544318305719806
14.176934,15.519493448419567,-1.3425592061710319
13.4916725,13.488426315896984,0.0032461999721569157
13.979039,13.357090776141893,0.6219484160578137
13.305654,15.306284521852138,-2.0006309497696186
14.746678,14.362831646303192,0.38384670605276483
13.915232,13.39493841100906,0.5202932937028546
14.134938,14.235267713135887,-0.10032947308461715
13.728243,15.961843865353446,-2.233600991207938
13.910764,13.513093794505556,0.39766994603399475
14.586965,14.01560899881089,0.5713556084278792
14.196847,14.274467774628675,-0.07762081265357779
14.221595,14.354713704011013,-0.13311889352517348
14.461487,14.170395801343943,0.2910910150623067
13.020815,14.404652970092327,-1.3838380744624441
14.476084,15.068759979550721,-0.5926762240575574
13.853567,13.618401401574594,0.2351657218384915
13.577263,13.677400700145585,-0.10013782172761587
13.439662,12.178238854600737,1.2614231250745558
13.613505,14.473365219902398,-0.8598598564380424
14.505584,14.60449777792815,-0.09891401480559203
13.803451,13.65710902270614,0.14634156170548174
13.350297,14.626946424095912,-1.2766494499137835
14.508296,15.541274088982695,-1.0329780761042766
13.625486,12.7335193703124,0.8919670035889666
14.479495,13.988511310711473,0.49098373781147586
14.174687,14.445392539700931,-0.27070515414184904
14.08061,14.060717708062958,0.019892567205596734
12.951252,13.939810092822016,-0.9885581091794382
14.16272,15.103372846238912,-0.9406531196764121
14.3455,14.899882262456254,-0.5543822700856484
13.526004,14.027974080260353,-0.5019702426749042
14.265792,14.48922973104927,-0.22343783804389972
14.008137,14.512662209915456,-0.5045254606478782
14.126468,14.465609830996701,-0.33914212622375217
13.030305,12.149433508607332,0.880871400145109
13.094739,13.321504357994508,-0.22676539772839455
13.927322,13.51189285174989,0.41542953594542276
14.218221,14.98015369120123,-0.7619329804468347
14.0343685,13.720935008253173,0.3134335067614753
13.922023,13.553778193805723,0.36824462571332006
14.214934,14.099050563890291,0.1158837851697676
13.401728,13.975723681132687,-0.573996004741085
12.673457,12.289931140740888,0.38352600495002953
14.168529,14.36056715913933,-0.19203860231560022
13.232472,13.378803977719288,-0.14633155798051867
14.868431,14.400651503814075,0.467779587494519
14.326151,14.359334885961822,-0.033183991796782664
13.963415,13.632076782884806,0.3313383629892179
14.040883,14.052575949179454,-0.011692884909434653
13.872474,14.374045190232907,-0.5015714734970675
13.473742,13.789987600733188,-0.3162460693611173
13.687605,13.96741500260743,-0.27981009843262505
14.123288,14.793417796045448,-0.6701296414433973
13.362805,15.403236461392568,-2.040431094876455
14.010281,14.299556998765215,-0.289276389634356
13.808828,14.493279090982904,-0.6844507371010682
13.9744425,15.061266750523394,-1.0868242685287655
13.607807,12.082265249802102,1.525541909621726
14.229191,13.599337655130865,0.6298531712851503
13.768738,14.30608428952972,-0.5373464965609696
13.859899,14.522322449646788,-0.6624238824470812
13.888974,13.289444384781998,0.5995298049763029
13.4302025,12.969030363197406,0.46117212093345294
13.873458,14.10268149981106,-0.22922359118068947
14.087028,13.021844455625946,1.0651830941177067
14.0363655,13.16250482040192,0.8738606886312823
13.633844,13.455650547080767,0.17819382852958476
13.947274,14.957267581501483,-1.0099933734326356
13.714044,15.237690268398142,-1.5236466511496065
13.300127,13.628903832937409,-0.3287768035184637
13.019087,13.208884134059483,-0.18979729629092823
12.556645,12.620067934641714,-0.06342254127013192
14.004372,15.212870469432996,-1.20849882636659
13.210851,15.669967636140372,-2.459116920503165
13.8722725,14.92610510512101,-1.0538326136659322
13.373031,14.359846196765478,-0.9868155342288567
13.280061,13.771170925470265,-0.49111015734282404
13.330748,13.002899429806694,0.32784817456342275
12.963675,13.827579435191684,-0.8639048899035977
13.499048,13.144903430998568,0.35414480203365883
13.79945,13.387276697958406,0.4121732226958912
13.749173,14.21446451445678,-0.46529135008910494
13.549298,13.588543456188523,-0.039245169750534714
13.631918,14.215197672236258,-0.5832797187450467
14.233325,14.943126154809839,-0.7098011502322024
13.289538,13.027769141251175,0.26176924223271136
13.204373,12.465034976130767,0.7393383835494092
13.87757,13.289036466420947,0.5885336858617674
13.434627,12.127386517286535,1.307240061998133
11.430323,11.254400819721425,0.1759218273733012
13.056813,12.878409791529597,0.17840344852167256
13.573653,13.504547576000267,0.06910564513010442
13.397021,12.904100396705847,0.4929208969342902
13.492644,14.380412350328934,-0.887768040331375
13.035261,12.299763332845993,0.7354978213288117
12.661517,11.612327262677807,1.0491898805717046
13.224661,11.82376482566344,1.4008960477496455
14.147485,14.27914268221315,-0.13165790285524004
13.953491,13.81966192908675,0.13382928185074938
14.59421,13.774098806238086,0.8201108647824213
13.758966,12.960771077276451,0.7981953686464003
14.385362,14.857517221153262,-0.47215554970550855
13.086528,12.485218386959668,0.6013094374421879
13.318691,14.378203321437091,-1.0595120677749819
13.278934,12.409380769010273,0.8695527560751763
13.271912,14.592352998269714,-1.320441377175964
13.197192,12.002327227950946,1.1948649641266904
13.583026,14.350621101469102,-0.7675951691570901
13.756705,13.14345928569906,0.6132459984195915
13.72256,12.75224128156816,0.9703186473258825
12.854353,13.474770828534723,-0.6204178774849183
13.638817,11.80376504723709,1.8350517862590046
13.154192,12.227207718060132,0.9269842527650631
14.347951,14.840354662897884,-0.4924037275341142
13.964059,14.722816648556957,-0.7587577725193597
13.626695,13.866879299505616,-0.2401846202453619
12.451499,14.10133290219303,-1.6498339169025034
13.367228,13.224699724871686,0.14252782944960352
13.452079,13.543519403331036,-0.09144058405613364
12.725585,13.10370233824838,-0.378117354422697
12.849654,14.398386295087114,-1.5487320973942431
13.363178,12.958761508798435,0.40441674437539277
13.742378,14.548710317119943,-0.8063320822566613
12.7221155,12.828107746381113,-0.10599222971851496
13.122852,13.725289307565887,-0.6024369821264344
12.602806,12.501030683827633,0.10177540748096092
12.9800205,13.72802052098068,-0.7479999979093908
12.619445,11.278556645415463,1.3408882016914703
13.023518,13.524906888467807,-0.5013892798252293
12.753872,13.594807775548757,-0.8409358578241477
13.314078,12.795380375248671,0.5186979557449813
12.420152,10.968680931658794,1.4514707788514603
13.157953,12.64223183353836,0.5157214287907408
13.636481,15.929364999725575,-2.29288371463036
13.551961,15.262236581108585,-1.7102756359791904
14.289743,14.417856826672386,-0.12811340321047204
14.129785,14.187803503500254,-0.0580189194548435
14.251367,14.888565693768077,-0.6371990784726673
13.441619,14.507397444687467,-1.065778525314908
14.981899,15.038328472489646,-0.056429211015036174
13.613479,14.472073626481421,-0.8585949658979253
13.719432,13.756352734872427,-0.03692085773619702
14.500139,14.458305580076642,0.041833656373553296
14.111779,14.33302198187598,-0.22124276892431993
13.696302,14.546620930559918,-0.8503185166194882
14.05946,13.269021486467329,0.7904381998119678
14.429332,14.20618008258469,0.22315169689529135
13.593909,13.690926447338688,-0.09701718372784818
13.23273,14.295893262772692,-1.0631633509684928
14.281816,14.432063370155415,-0.15024784128578617
13.397434,13.857721028105967,-0.46028679348682644
13.993285,14.584700765821964,-0.5914155866837802
14.59333,14.963898873885418,-0.3705684905846365
13.475862,13.685365425483816,-0.20950387610637478
14.483303,13.956572524506926,0.5267305455614331
12.950826,14.016902447848652,-1.0660767566255078
14.307605,14.541290936178903,-0.23368614644501662
14.296974,15.385399831483317,-1.088425649354411
15.082141,14.696933616445007,0.3852073061013801
14.315404,15.362118355769674,-1.0467144174762169
14.281419,14.317726625636771,-0.036307825282767325
14.508156,14.49724030700497,0.010915515748935789
14.02987,14.276214201086857,-0.24634416782269675
14.324837,14.059034608790034,0.2658021221669973
13.789892,15.183326998975847,-1.3934348023205736
14.050596,13.602254216699276,0.4483420204833415
13.283602,14.188066036072854,-0.9044642752085963
13.428773,15.326792384843131,-1.8980194585125645
14.872199,15.395473726623818,-0.5232746680911031
13.982694,14.20946635397259,-0.22677268179241494
13.811149,13.484378039638546,0.32677060385510615
14.619247,15.025490383954715,-0.4062429474312772
13.9694195,14.515810595737792,-0.5463911163676745
13.778461,13.569845285967777,0.20861617033105162
13.767569,14.561246867954765,-0.7936782796979287
14.51997,14.311501083804584,0.20846885638096246
13.918699,13.76893977913619,0.14975948539017736
14.12334,14.34808691024446,-0.22474725722932298
13.968831,13.627498842881913,0.3413322194349817
14.123295,13.622143018309643,0.5011518120126226
13.728326,12.920083165142433,0.8082426786686021
14.053433,14.243801822469472,-0.1903684041955458
14.133944,15.079524284375331,-0.9455807266360736
13.791373,14.40305774975055,-0.6116844968818977
14.193712,14.747820297677317,-0.5541080631802462
13.66664,13.924783709270564,-0.25814342759331765
13.396031,14.109818381567434,-0.7137870018677273
14.256393,14.855305528158938,-0.5989120955417508
14.215941,14.227316851524666,-0.01137542238648237
14.36707,15.20830251392043,-0.8412323158613475
13.200739,13.025006304142195,0.17573260271815627
13.758562,13.745409930284785,0.013152157727910563
13.721939,13.424924210084578,0.29701487682948446
14.076829,14.089408058245438,-0.01257910164143361
14.409613,14.865172069565391,-0.4555594139257426
13.466203,13.594058075985977,-0.12785534008509813
14.315823,14.85842583501207,-0.5426032336937112
13.90175,13.334960308119971,0.5667893027809079
13.858771,14.432760011868824,-0.5739886877111093
13.373478,13.332646993067701,0.04083094272331422
13.516441,12.825045697901981,0.6913956473128628
14.127524,14.122913636734275,0.004610739181252654
14.691813,14.5901096067107,0.10170386222240602
14.148292,13.027736164325127,1.120555423504463
14.0285225,14.821331890916671,-0.7928093994615928
13.126165,14.440678103539746,-1.3145127135250974
14.218774,14.896407180117835,-0.6776333382599251
13.771916,13.568706798446836,0.20320959101849567
14.423355,14.564675529879377,-0.14132042734031458
13.405861,13.346330589416915,0.05953031146199095
14.616079,14.859849678230526,-0.24377034778619056
12.765723,14.454325621060933,-1.6886023926063434
14.171043,13.313591816557942,0.8574515794381519
13.976009,14.946261812532661,-0.970252443636177
14.68968,13.973705904231918,0.7159741952553862
13.848497,13.906697704280973,-0.058200313533902204
14.320193,13.74204161235882,0.5781516783516292
14.476412,14.230021297379315,0.24639052207869305
14.119996,13.739160690023754,0.3808353808380627
13.740702,12.447154341975397,1.2935473334396423
13.166588,14.317188468693226,-1.1506006391033825
14.409167,14.366340433990437,0.042826855743449244
14.156221,13.95117629625175,0.20504509351875733
14.0178385,14.777354602002415,-0.759516123914036
13.974958,13.85034280973756,0.12461561006224464
13.915634,14.64855271552814,-0.7329185602547028
13.1621895,12.53458471247021,0.6276047711723685
14.090278,14.114424070990685,-0.024146399176720124
14.058555,13.797568558625834,0.2609860907271937
13.814477,15.387202157782236,-1.5727251909243254
13.771616,12.860466003926275,0.911149978129389
13.000452,12.631154089073462,0.36929795255251463
13.34062,13.970865084306023,-0.6302450434124687
13.789543,13.724925895295849,0.06461725655961992
12.833113,12.587323609896822,0.24578910677798227
13.744824,12.920964194437355,0.8238602150475085
13.443366,12.559542458519958,0.8838235922002564
13.793469,14.408634067653601,-0.6151646386374878
13.911845,13.029346366277741,0.8824988409366146
14.187607,14.249926516558467,-0.062319705035029926
13.978107,13.789209702844879,0.18889774954769933
12.999433,13.381470033931706,-0.38203747014996736
12.988534,12.883415594545152,0.1051183791486956
12.742533,13.281344656790356,-0.5388119266878171
12.938005,12.86823470714234,0.0697707402453549
13.634895,14.141707325166218,-0.5068120004591865
13.993549,12.811044135186394,1.1825052117374337
13.478218,13.011467570247826,0.46675050836545573
12.841315,13.277077327136734,-0.4357620576665191
12.825044,12.140659074981848,0.6843846033018437
13.543348,12.806698753108705,0.7366495592692246
13.834264,13.246642600404405,0.5876212011703021
12.810635,11.839650350136562,0.9709842629005472
12.714228,13.546294271922532,-0.8320665955309305
13.099343,13.062182282215415,0.037161017650307215
14.331575,13.615592690167363,0.7159827035093951
14.104448,13.80447691053554,0.2999714079459057
13.208891,13.149750892067324,0.05914002284966813
13.424821,12.576794468494072,0.8480264314693073
13.152368,13.530175063476948,-0.3778074716190378
12.955521,13.331513475450192,-0.3759928455673798
13.3088,13.226027655263884,0.08277208838845951
13.865497,13.150538698805594,0.7149579366314178
12.818725,12.38098767492441,0.4377369573387728
13.622827,13.477765311409637,0.14506126482327275
12.157317,12.027412378029128,0.1299047835309306
13.402842,11.953191275952008,1.4496502920411558
13.718721,13.068076131930503,0.6506452578400044
13.0238695,12.255652973628324,0.7682165408370079
14.785179,14.664626764158262,0.12055237402533159
14.73559,14.306514626254948,0.42907535482415327
13.949091,13.92098706689462,0.02810389074698172
14.252682,15.211118908901453,-0.9584371767237183
14.05786,14.50643176287768,-0.4485713884269966
14.7517395,15.093820408204534,-0.3420809062514092
14.3403635,15.384436219569256,-1.0440727170668147
13.901521,15.51344952060702,-1.6119287915420788
15.030564,14.639055539073413,0.3915087690930914
13.655778,14.582929518689248,-0.9271515874758691
14.133715,14.787162200247723,-0.6534475243444025
14.576683,14.278403339954945,0.2982797044786487
14.644954,14.852518682721199,-0.2075649549990306
14.149829,14.105644123050977,0.04418478777665946
14.502653,15.139561894610358,-0.6369087726621157
14.71647,14.40839089473214,0.3080788699773329
14.783953,13.942608298964371,0.8413444140483239
13.800098,12.994359536819962,0.8057388823694911
14.445267,15.212024520611424,-0.7667577969786112
13.593868,14.340585772359036,-0.7467175167438018
14.079141,13.788162999121035,0.29097766402593805
14.2246065,13.262384416645778,0.9622220973312725
14.143425,14.31689838550878,-0.17347339771581183
14.147478,13.4449076399709,0.7025704636667953
14.36005,13.879942510923659,0.4801076904923569
14.738684,15.188573772235022,-0.44989007167349904
13.852789,13.464054827348203,0.3887340978226952
14.487599,14.822145706076393,-0.3345463332126233
12.683998,13.853086650238954,-1.1690885423287973
14.662588,13.440248219463436,1.2223399000433997
14.926499,14.93894845850804,-0.012449091747786412
14.373396,13.23857006015795,1.134825859641854
14.373061,13.885372385133191,0.4876887949815547
14.741952,14.28234291403459,0.45960902840925755
14.478554,13.774053987143061,0.7044997848295953
14.0028,14.67811608447967,-0.6753160966867018
14.308035,14.063581621107136,0.24445327574344944
14.319583,13.424838491280628,0.8947444478673212
13.535065,12.552770988270675,0.9822937089949502
14.611396,14.770880454512659,-0.1594846186361938
13.617256,13.014475225519398,0.6027809390313834
14.033743,15.088608225065927,-1.0548653204028415
14.213043,13.52357009810398,0.6894731147866455
13.812663,13.085747109736602,0.7269159685715039
14.519438,14.540535209797206,-0.02109741988021341
14.350927,14.25270169746346,0.09822565544181394
14.438158,13.42772228985492,1.0104357454234005
14.477881,14.102017940738214,0.3758634908413754
14.076883,14.38053114220996,-0.3036478261699216
13.620532,12.375228750169807,1.2453032856578297
14.432469,14.020241635271313,0.41222773270964375
12.945933,12.477911118383142,0.4680222235968383
14.245412,13.778987642480173,0.4664242303835966
13.875756,13.55204228430284,0.32371397943007096
14.308254,13.525023221101716,0.7832310208416438
13.554597,13.971061970592844,-0.41646506965290264
13.563223,13.803790141433383,-0.24056725630154752
13.841129,13.933282926897101,-0.09215362391858584
14.363044,14.553950364861311,-0.19090657976609648
13.997863,14.046136446644553,-0.04827363078761948
14.761596,14.034385813048534,0.7272099129646499
14.741544,15.087498395849446,-0.34595462601301996
13.327946,14.382111038896934,-1.0541653296684181
13.466367,13.475282476981562,-0.008915709098261004
13.4769335,14.167597392608297,-0.6906639132992147
14.053428,13.848451014602713,0.20497668162531468
14.103643,14.815150770261365,-0.7115073529029665
14.169794,14.238018934281017,-0.06822485163941572
14.154691,13.394729761178306,0.7599609813143697
13.807646,13.304408229252333,0.5032375684771591
14.100875,13.863870153261756,0.23700474755611545
13.282019,12.047586748881855,1.2344319126171683
14.509137,14.466097254539829,0.04303989908565953
13.697998,14.994526412265778,-1.2965283653907775
13.296155,12.033105202283206,1.2630497736079072
13.8020935,12.053236101847645,1.74885740401173
14.162791,13.65515869045531,0.5076325616809196
14.354947,14.36586761583556,-0.010920525686634264
14.446902,14.923710405421096,-0.4768081303356464
13.424634,12.84881823927633,0.5758157405210333
14.387051,13.831095479702604,0.5559551489595052
14.107748,13.290332427973883,0.8174156036423277
13.926257,14.263446859915584,-0.3371897264316974
14.394127,14.423733636205865,-0.02960674411602149
14.345708,13.614220226122702,0.7314876672488797
14.033903,14.238012380251895,-0.204109258303653
14.09455,14.36695015461552,-0.27240002186405476
13.511999,12.453190502733769,1.0588086275152548
13.134744,12.71175406051345,0.4229896299772733
12.7845,13.752212866678834,-0.9677127446085212
13.886684,12.591263615198248,1.2954208025263618
13.192563,15.374721975199222,-2.182158918253421
13.822578,14.340188198030475,-0.5176097678546938
13.564124,13.823475751418545,-0.2593516440577055
14.180048,14.044525638067068,0.1355223508245338
13.534036,14.235414916534449,-0.7013792338562261
13.581498,12.877773999481112,0.7037241465760165
13.9623165,13.5664182304164,0.39589828264512406
13.900225,13.531104447019565,0.36912023864937993
13.2129135,12.099166491544166,1.113747021639428
13.577614,12.65092511957094,0.9266887109954656
13.806736,13.271834553986176,0.5349014384454644
13.710361,13.841804814067896,-0.13144428702932132
13.62828,15.132632745809323,-1.5043530598352017
14.098187,14.531523805947364,-0.43333635935312564
13.621288,13.009711902738427,0.6115763968221195
13.474834,13.363540148398677,0.111294293739995
13.235606,14.005740758826269,-0.7701345652837883
14.216585,13.63721727676274,0.5793678825390174
13.692217,13.00884747457322,0.6833693985957261
13.4189005,12.222206787448728,1.1966937023584006
13.258698,14.772974710601249,-1.5142762471613072
13.6341305,13.36576278662354,0.26836769128173366
13.127711,12.443903803916223,0.6838074921653199
13.078723,13.812896143358788,-0.7341731895624015
13.944369,14.93523931634186,-0.9908700002407862
14.019935,13.268314820888557,0.7516198333472826
13.201358,13.981696804626491,-0.7803389631347919
13.98383,13.231761132432844,0.7520693195324881
12.404394,12.853024043600264,-0.44862989381999085
12.709681,14.139305635026172,-1.4296250777751958
12.804849,11.94425323260412,0.860595438355352
14.078604,14.008423329310471,0.07018041519636498
13.615859,13.86060055160493,-0.24474151992768434
13.011356,13.024924734027676,-0.01356838026791074
13.020839,11.765915155881427,1.2549235816063664
13.225809,12.676373105717246,0.5494359915727927
13.977552,13.299843232052167,0.6777091818882628
13.050461,12.51314181778207,0.5373189976476169
13.877264,13.152390031351244,0.7248739914759046
13.033946,11.414959762384248,1.6189862749082327
14.401415,16.052509541291446,-1.6510946700756257
14.178248,15.527228847295403,-1.3489804418388598
14.460457,15.046423106724156,-0.5859662585796244
13.967763,13.92465281381998,0.04311013326253921
14.483496,13.881119443557374,0.6023762687228995
13.406044,14.165214158457463,-0.7591701521098067
13.50786,14.13010521606617,-0.6222450323503494
14.508165,13.962894681915275,0.5452706775817955
13.641658,13.888087000782578,-0.2464291714979101
14.28291,14.118717739810059,0.16419260717480455
14.060172,15.249154522334258,-1.188982441340606
14.139188,14.118118680632652,0.021069132172524263
14.2027,15.12412279803239,-0.9214231367775074
13.807034,14.386715502874715,-0.5796819640563555
13.943767,13.122791285838455,0.8209753080946509
13.018552,13.522125588195491,-0.5035737617184406
14.539225,15.15567668383617,-0.6164520592023806
14.444809,15.051356959054655,-0.606547999093717
13.774706,14.26423117718784,-0.48952529034701975
13.88485,13.735065936200757,0.1497836121390872
14.364242,15.19179018865739,-0.8275485886207683
14.527626,13.708404074546976,0.8192219630506798
14.136942,14.735065157622335,-0.5981232478322962
14.212749,14.07706218463879,0.13568634288806614
14.603997,14.007381375094358,0.5966158554354273
14.141917,14.496059209286946,-0.35414198058821533
13.752105,14.903940515535908,-1.1518357563195991
14.056663,14.00259575060725,0.054066808902026864
14.056911,15.006630314627916,-0.9497188461220567
12.97621,13.233945896192418,-0.25773625568948866
13.504475,13.484071632950911,0.020403006941666746
14.357411,14.357079912734317,3.314718482023693E-4
13.700555,13.877607037243358,-0.17705218952607282
14.7634,14.07772173379122,0.6856783440286041
13.7209,13.303308988018353,0.41759059389082687
14.022339,15.238268469370187,-1.2159296021826869
13.337715,13.635391773285459,-0.2976766243596778
13.283719,13.425190187182563,-0.14147112437738762
14.067714,13.361162931422154,0.7065508060656391
14.755056,14.942505877018878,-0.18744949579329173
14.18537,14.199836465960628,-0.014466020709162919
14.005737,13.40258418370964,0.6031531209778596
14.271752,15.319821260855893,-1.0480689033729824
13.971373,14.099521148768204,-0.12814854439808698
13.8267145,14.616183907461227,-0.7894693917751923
14.612797,13.406847341354414,1.2059494420928516
14.148448,14.264561198501786,-0.1161132080843057
14.12639,14.478657188726588,-0.35226673157326793
13.742862,13.476846721541671,0.26601502620002826
13.815656,13.351498543094094,0.4641571652188947
13.413495,12.42078878576,0.992706278021739
13.138063,14.550453978313397,-1.4123905475272647
13.768575,13.165390299284649,0.6031844153759955
13.858977,13.306621391387566,0.5523559264224929
13.773108,14.813773089463178,-1.0406655607766542
13.333324,14.006216864292622,-0.6728924319195748
13.614295,13.76308715155641,-0.14879214575807076
13.227612,12.90777562067299,0.3198359210750574
13.209302,13.719611804984735,-0.510309856437372
12.985363,12.070728181713529,0.9146348248782683
14.051462,13.238470342572315,0.8129918308895991
14.35344,14.382149624835769,-0.02870934010676507
13.008597,12.34884310126544,0.6597542726969632
13.71164,13.077037505638614,0.6346028523325771
14.698742,13.842457213655583,0.8562846991862134
13.875129,12.940009020072443,0.9351197259602717
13.122889,13.558066668573103,-0.43517810350962627
13.358077,13.840104629114231,-0.48202757985886
14.301188,14.156061607762943,0.14512686117016216
14.318595,13.898898126885564,0.4196968056705881
13.117418,12.617175166855748,0.500243122328822
13.42713,14.372018664914568,-0.94488891943117
13.275889,14.872907371931177,-1.5970179752636966
13.944672,14.021179106960279,-0.07650747610090392
14.0037985,13.79487510396419,0.20892338083805662
13.842885,13.805298592887857,0.037586424507162874
13.812799,13.01712729844838,0.7956721552869723
13.094954,13.392282111795451,-0.29732857480814623
13.805926,14.018189326805944,-0.21226300386893193
12.933508,12.27323584418619,0.6602720751253326
13.551518,12.580693592343332,0.9708248479032502
13.920499,13.552305139826204,0.36819370813522134
13.359791,13.036567988074676,0.32322281392727703
14.568578,14.873260226286911,-0.3046824598684541
14.155292,14.687658788532309,-0.5323672312202969
12.899864,12.00033915572556,0.899525041051783
14.523747,14.515773362319752,0.007974081833079794
14.212477,14.411480316507701,-0.19900358616102132
13.603161,14.286249541770559,-0.683088683616262
13.332188,15.06622600314227,-1.7340383505543802
14.090546,15.030929109104827,-0.9403834548079519
14.236878,14.67002758307669,-0.4331491879961238
13.793099,13.130317658068165,0.6627817453131826
13.359518,13.254687291319765,0.10483075982769563
13.303778,13.455161730716185,-0.15138403601403638
13.989387,14.723357339823723,-0.7339707812910081
13.820659,13.895971947209217,-0.07531326343236167
13.604864,13.50700926165709,0.09785485882630773
13.061284,12.893189178232769,0.16809488701381348
13.737643,14.677353974119187,-0.939710732236863
13.238653,13.895388636702595,-0.6567354537191967
14.373876,13.713984902045706,0.6598907159352514
14.1239805,13.822702632879034,0.3012778892767276
13.329223,13.044243985639076,0.28497869349910765
13.850243,14.882064078745826,-1.0318214639997318
14.024805,14.306856070420213,-0.2820510014504869
14.316853,15.401865291973742,-1.0850127223936639
14.002241,14.4752302124117,-0.4729890777681458
13.269352,13.551805394893941,-0.2824534356654258
13.380164,13.14231893418267,0.23784521224066957
13.746407,13.270207354581393,0.47619920059438847
14.215732,14.553284007607036,-0.3375523868184622
12.961903,12.831957599030952,0.12994501937725111
13.77372,12.938517459361895,0.835202328235761
13.690225,15.172777418177066,-1.4825527706550936
14.043032,14.099678462956199,-0.05664677045131583
13.7976265,13.529162262303307,0.2684642330580207
13.612261,14.070413207538985,-0.4581523890575401
12.915415,14.276369375589095,-1.3609545654084307
13.06678,11.866626992685116,1.2001530976469148
13.073444,14.246126060043785,-1.1726816935887072
12.752947,11.919956013803098,0.8329908398345971
13.796813,13.898669022008354,-0.1018560108389206
13.673793,13.230356424907521,0.4434364141427718
13.511408,12.71449137504872,0.7969164771241317
13.643859,13.560001343858488,0.0838575657484455
13.329416,13.433753675657725,-0.10433740063331065
13.696785,13.710132264370644,-0.013347291226113
12.99212,12.924509821187634,0.06760996793590124
13.966251,13.456119070417,0.5101323028740161
13.951712,14.0986724296843,-0.1469607750212134
13.412263,12.634166449198611,0.7780964673663302
13.051064,12.84798968760293,0.20307384999472688
12.760121,12.532195078662506,0.22792626685751394
12.657484,11.954896064890702,0.7025879896747274
13.227809,12.759055052589396,0.468753899742147
12.962049,12.158645551957783,0.8034029786208308
12.720165,12.544949132481051,0.17521612020449595
14.143517,16.110220624171212,-1.9667040836438687
14.191838,16.059728129972257,-1.8678898655069247
13.546217,14.906823269425459,-1.3606063047037793
14.174413,15.621040938114632,-1.446628210758675
13.785605,15.540488458971152,-1.7548830283681252
13.8308325,14.480406401177817,-0.6495739197935393
13.666482,13.933620651242594,-0.26713867950187087
13.281321,13.368864015745183,-0.08754344384576918
14.0752125,14.55868475652212,-0.4834722778844238
14.153961,14.568442478326713,-0.4144812966860876
14.009203,14.01111516974012,-0.0019122125868005213
13.710894,14.15788463015582,-0.4469909991743748
13.821527,13.786514197522683,0.03501232988210212
14.071774,13.403873945237276,0.6678995838154584
14.470598,14.932326156486257,-0.4617279356610613
13.940725,14.67542901396986,-0.7347036874317734
13.843858,15.941426369914518,-2.0975686047167645
14.314637,14.199907278039019,0.11472990610404743
13.643248,14.082138029728151,-0.4388904253580339
13.771932,15.982527099018798,-2.2105954507644032
12.995385,12.011401141104225,0.9839840288786856
13.258612,12.76971175760319,0.48889992147395844
13.252344,12.829580317006705,0.42276381446302125
14.303408,14.29257110350028,0.010836565567103662
13.836275,13.42707511840635,0.4091999823016579
14.176752,15.04335886064585,-0.8666067701917477
14.20749,15.288303664700782,-1.080813697354591
14.484971,14.413910700126005,0.07106034632174918
13.202915,14.084349967206876,-0.8814347755564853
13.144211,13.53494444027785,-0.39073362484816165
12.856963,13.491044161950224,-0.6340810042964158
13.072334,14.301513635698909,-1.2291793461481273
12.782931,14.533170334912647,-1.7502390070928229
13.93532,15.584750011137336,-1.6494301106246407
13.636356,12.750229558403051,0.8861267953567147
14.036909,15.012561763194968,-0.9756526598014137
13.686422,13.708471968461092,-0.022049620438631123
14.200852,15.627603069349227,-1.4267506752452235
14.699116,14.98167120865104,-0.28255545547721184
14.413261,13.777567747944861,0.6356936656293577
14.221632,15.277068687333887,-1.0554366835497078
14.308287,13.589091648516144,0.7191950183539735
14.135208,14.362677754132703,-0.22746962424989015
13.569953,12.927464658655365,0.6424883061273494
14.565824,15.241267670251576,-0.6754441152588999
13.724521,14.380657307606143,-0.6561366243175684
14.128736,13.378833381723343,0.7499021605740204
13.220976,13.102009638273916,0.118966237580576
13.885299,13.620811110175874,0.26448761876699756
14.186115,14.19662969339551,-0.010514428502931494
14.54054,14.85883174709892,-0.3182920055828067
13.678949,13.688705067094947,-0.009755711015845492
13.478563,14.118266447433266,-0.6397031387174454
13.944711,14.376183501199787,-0.43147276969343906
14.1976385,13.89312508923291,0.3045134224248045
13.278722,14.583781444645492,-1.305059635258285
13.947857,15.178273463340178,-1.2304165602640058
12.772659,11.957136814713504,0.8155224870443085
13.849883,13.920226365842694,-0.07034328631388576
14.234959,13.285850338208574,0.9491083104730667
14.080281,13.624500162301452,0.45578109532794286
14.105785,14.450483455923107,-0.3446980860500606
13.564028,13.516586867974077,0.04744091828080599
14.202916,14.061250477502576,0.14166566782213152
13.5041685,13.911875635713514,-0.4077071252765023
14.0293045,14.256139443028742,-0.22683493863421056
14.363829,13.833550848943933,0.5302778101136845
13.12546,14.703476298139524,-1.5780166271190161
13.425393,15.261324931043703,-1.83593182649048
14.396832,14.47844437710555,-0.08161191098006171
13.842592,14.773473610728722,-0.9308813713488391
14.477198,14.479902233553013,-0.0027045864582859735
14.277728,15.27004470707491,-0.9923166263253975
13.273184,12.07314678382051,1.2000370388113257
13.909965,14.443508897846229,-0.5335443363838266
14.151085,14.278166005328691,-0.1270811054263472
13.045513,13.1699566350907,-0.12444348201452726
13.7845955,13.252833589392717,0.5317619001092364
13.950991,13.583343920772371,0.3676467561075114
14.5423765,15.039904915659186,-0.49752839740967403
14.182316,14.624701484715452,-0.4423856582994361
13.067739,14.47544939480024,-1.4077108617802203
13.524013,12.586954718377486,0.937057847235307
12.931712,12.675288464534898,0.2564236860388327
13.108067,14.343277661019807,-1.2352111021819159
14.576898,13.57769996960666,0.9991976515481245
13.7762165,13.335024984584066,0.4411915223739413
13.084914,13.143384869426146,-0.05847066196765027
13.74136,12.287154812778372,1.4542048979149875
13.712688,14.556659496745247,-0.8439710507003255
14.217023,14.475963044509673,-0.25894014869668425
13.449185,13.449856853901785,-6.714825028595328E-4
13.027371,12.713946918341385,0.31342448821379065
14.403776,14.672286077399773,-0.26850990857653123
13.035191,13.144187489534344,-0.10899690725895361
13.886359,14.962790463610675,-1.0764312488279604
12.992722,12.461338700285122,0.5313828573320656
14.438612,15.377214308462268,-0.938602324209338
14.314614,14.4106142767056,-0.09599998074612692
13.310024,14.30901401554526,-0.9989897540706512
12.701363,13.242632209795273,-0.5412695999319919
13.197286,15.074674709388965,-1.8773890572283207
13.139012,13.674544741223082,-0.535532404492125
14.147959,14.264682455567552,-0.11672370007438815
13.87563,13.931166889342954,-0.055536510619809576
13.774269,13.666112234448578,0.10815686955532833
13.433039,13.43761927362201,-0.004580562074158578
13.2835865,13.251619895760175,0.03196660631502013
13.79183,13.670437385946725,0.12139267691948596
13.382609,14.027462920879923,-0.6448535535093178
13.657585,13.629249652113577,0.028335491929391665
14.12072,13.55099147353892,0.5697284361290489
13.10135,14.016922069863247,-0.9155722392358054
13.706609,12.327878689138464,1.3787300831393683
14.105265,14.088073408834072,0.017191254862217065
13.609733,14.018455483585287,-0.40872285571663447
13.684778,13.769818390045074,-0.08504017654409779
13.299628,12.910100417186332,0.38952784056513323
14.485883,13.600347577016002,0.885535182078236
14.378008,14.100645138311707,0.27736275048223824
14.151808,13.5932541130548,0.5585536719793804
13.252023,14.801766062210003,-1.5497433189849055
13.011099,12.148470015393714,0.8626288463006215
14.076954,14.042852483757725,0.0341014041817278
13.468626,12.509988484463582,0.9586375378752852
13.054175,13.001336335645295,0.05283904124679495
13.73753,14.882664858745605,-1.1451351041069326
14.29203,13.730800893636882,0.5612294408357741
14.028047,14.907509358987056,-0.8794627510158648
12.938017,12.022390163096878,0.9156267283826143
12.902468,12.934495266881116,-0.03202753921998358
13.875464,13.059911211646307,0.8155532277457826
12.897146,12.136840459695541,0.7603057652800445
13.349865,12.532617193899016,0.8172477658177808
13.580106,14.808006119192562,-1.2279003376373865
13.023466,14.08938752696432,-1.0659214167348274
13.677337,13.67308025868924,0.004256434120819108
13.692773,13.334518779518161,0.35825408577724893
13.722263,13.975678526116788,-0.2534151899351471
13.332736,12.0192007516374,1.3135352636824233
13.001197,14.246916929667883,-1.245720068400793
13.7507715,13.02710499625843,0.7236665262635427
13.511922,12.814100294795015,0.6978215878343796
13.318625,13.507454334927989,-0.18882888479371118
12.896941,14.11288698791678,-1.2159458029192223
13.560967,12.940668824002659,0.6202986213708765
12.703157,10.112532179470836,2.5906252454559215
12.598191,13.5574649546408,-0.9592736933492958
14.17602,15.95054656198255,-1.7745268934034488
13.250826,12.73843468682669,0.5123911951313183
14.558197,15.090402856646849,-0.5322058351624737
14.270035,12.948012371209098,1.322022418829965
13.839781,15.911154749889805,-2.071373942394688
14.21401,14.080647129879981,0.1333631087674796
13.539447,15.299452365351977,-1.760005534602465
12.358809,12.365253509882486,-0.006444038752114523
14.054614,13.332230384144786,0.7223836829328505
14.59636,14.833947324583853,-0.23758711797984944
14.096612,13.789717765397794,0.3068942112257407
14.53641,15.497532539143752,-0.9611222074176773
14.491541,14.46801229091864,0.0235286178948364
13.839508,15.509995252167297,-1.6704871955266718
13.344401,15.18545879618798,-1.8410574366298746
14.499481,13.953631154067308,0.5458500471045671
14.057153,15.10270421430856,-1.0455514662006493
13.421756,14.137402734484551,-0.715646943774102
14.236653,15.426200885798693,-1.1895475578567982
12.28893,12.57079214508949,-0.2818622058194702
13.524379,15.774766539610926,-2.2503877630606333
13.561819,13.754337035529455,-0.1925179589913686
13.777024,13.11868863379691,0.6583356353070933
14.546894,14.711478983532501,-0.16458491004617315
14.059744,15.064381964143935,-1.0046380829183494
14.171153,14.135625454038543,0.0355276145039376
14.727751,14.121922623822606,0.6058281543756365
13.642209,13.471204517066454,0.17100453597309695
14.42717,14.729062743440918,-0.301892943636231
13.752054,14.804113393241899,-1.0520591787643596
13.334757,14.210550849335313,-0.8757939981390237
13.684576,13.394406801155514,0.2901692333903849
13.939871,14.842818734857548,-0.9029479005069625
14.192112,14.154003608507798,0.03810836048634236
13.853467,13.99661470735179,-0.1431477197419273
14.741927,14.7111576690063,0.030769477905321807
13.915336,14.787114134997054,-0.871778479784652
14.001458,14.522221335641648,-0.5207631676118627
13.863365,15.277653999628606,-1.4142888262887627
13.87436,13.5837550298015,0.29060505473219145
13.362606,12.708383118079842,0.654222930504142
14.408541,15.90669401771534,-1.4981532920073324
13.088335,12.620140642445605,0.46819439478584
13.258121,13.98461515427538,-0.7264946174711806
14.287495,14.496684848676875,-0.20919018925304655
14.845227,14.416603303027966,0.4286239384881476
13.235349,12.867757538369013,0.3675911631080382
13.470028,13.796201328927152,-0.32617340534316774
14.095964,13.889390004007893,0.20657442775480206
13.606319,13.338516150067127,0.2678032774231074
14.163378,14.357891242548314,-0.19451348070749397
13.3825,13.294366885745285,0.0881328090789335
13.562195,13.649814823053495,-0.0876199988347448
14.520563,13.901469881739942,0.6190932438704095
14.143886,15.213619353001283,-1.06973374051349
13.536839,13.8329368345626,-0.29609830306845986
13.808396,14.282974088890033,-0.4745777494735286
13.213038,13.196876981563978,0.01616146295506482
13.627372,14.901591658229629,-1.2742198702047265
13.40444,13.15864901821302,0.2457909079344418
13.630616,14.904841238800794,-1.2742250507514772
14.143713,14.06785556612637,0.07585743131015299
14.292961,13.545778417235471,0.7471827033699974
14.116462,14.821079495629197,-0.7046177417839825
14.211555,14.808768997619001,-0.5972144703362865
14.52075,14.332334555461811,0.18841549031455607
13.775661,12.539035158843202,1.2366263096626575
13.980428,13.78059918624709,0.19982855575730518
14.56601,14.637979721502063,-0.07196924634337165
13.95445,14.180989433317114,-0.22653977969162575
13.803409,13.015370418925354,0.7880382038163454
13.137869,14.240312825578169,-1.1024439443525829
13.588584,12.789349154954406,0.7992347912736211
13.744417,14.498054219390026,-0.7536370288382681
14.731065,14.725864501935556,0.005200294512198056
13.734534,14.711544703518442,-0.9770104399076018
14.460205,14.137263567745176,0.3229415103798239
13.509738,15.572289790496816,-2.062551822051992
13.658986,13.45995356031922,0.19903253129454868
13.250656,12.630051969589621,0.6206041583400665
14.200717,14.400197980728718,-0.19948100837764393
14.241161,13.934232708070166,0.3069286383653811
13.015627,13.242758110718507,-0.2271312033698738
14.022243,14.450609046150975,-0.42836650006943167
13.606383,13.39116839408642,0.2152149295830128
13.832359,14.152437691104375,-0.3200783771395308
13.072059,13.119037853975751,-0.04697917630241122
13.271891,13.980699519751242,-0.7088088794924534
14.139577,14.205413873710622,-0.06583696178435261
13.556596,13.341309331119636,0.21528647118749333
13.289499,13.915232808436327,-0.6257335255994132
13.445994,12.840703137271042,0.6052912398651884
13.952092,13.5810747383014,0.37101743241393237
12.925928,12.806259882316192,0.11966823352853417
13.2317505,12.495206164124191,0.7365443241570588
13.801338,12.987761697941417,0.8135764978593638
13.372152,15.43803072334257,-2.0658783948513584
13.7321825,13.16772672435584,0.5644557783907427
13.61925,12.894548934440222,0.7247013631061652
13.787059,15.192754588109578,-1.4056957578483473
13.34268,12.140995312592926,1.2016846648240662
13.831869,13.495204737787159,0.33666438757905226
14.305882,14.594708821245531,-0.2888263673270739
12.895943,14.808447096108083,-1.9125044081198013
12.897633,14.352108016628735,-1.454475417751782
14.086932,13.893658856993707,0.1932733253183052
12.774631,13.091353502866427,-0.3167229562966032
13.813786,14.474318332383572,-0.660532779405056
13.438323,14.23187406222113,-0.7935510412860722
13.989815,14.685707926031842,-0.6958931677310609
14.133597,15.219021607681853,-1.0854242337194506
13.238042,12.643217282894128,0.5948245948524544
13.489251,14.358859323835823,-0.8696081870560377
13.726379,13.860642610824318,-0.1342632162930677
13.5255995,14.290711905637309,-0.7651124259620161
13.715414,13.746509829303598,-0.031095782062386945
13.6868515,14.402026971994802,-0.7151754705299584
13.977113,14.01686892601633,-0.039756155935764426
12.521606,11.39755950582945,1.1240469394830495
13.416789,13.024371204269038,0.39241785060156786
12.84692,12.600308271686789,0.2466117417409457
13.8883915,14.770738885994799,-0.8823473912438224
12.574485,13.209206906975036,-0.6347220818407582
14.147332,14.169001438147873,-0.021669246680588117
12.754473,12.121630692015762,0.6328420405281836
13.251173,12.927819430584478,0.3233535888247019
12.987032,13.454392902639041,-0.4673609659935334
13.3719635,12.37003927660215,1.001924224374413
14.046396,14.812730742698754,-0.7663344872055902
13.617643,14.448024116667284,-0.8303807603440418
13.690476,13.757902631343887,-0.06742621380238312
12.987793,13.272545621969613,-0.28475265321961274
14.02636,14.236614079497008,-0.21025452139153877
13.032406,14.479928477118516,-1.447522623847032
13.107319,13.070905859006437,0.036413019167390814
13.612054,13.944294197826137,-0.33224032667135184
11.445105,10.635037804379019,0.8100667946200044
13.521838,14.3644940225425,-0.8426558343711132
13.35911,13.252320891325525,0.10678898721451446
13.2746935,14.219410441747709,-0.9447169526730015
13.108889,12.09770204856415,1.0111865775344828
13.908849,13.594812763347354,0.3140359991648527
12.966243,14.64455439420737,-1.6783116039852022
