14.37035,14.287193401540131,0.08315648249307195
B,r,a,n,d,t, ,S,n,e,d,e,k,e,r
14.380062,14.475340843489738,-0.09527874021825333
C,a,r,l, ,P,e,t,t,e,r,s,s,o,n
13.922996,13.667615934808724,0.25537963251305307
J,.,P,., ,H,a,y,e,s
14.4221735,15.406881440082023,-0.9847079400209875
M,a,t,t, ,K,u,c,h,a,r
13.584522,13.696891422874153,-0.11236917555969939
C,h,r,i,s, ,C,o,u,c,h
14.367587,13.314412467956794,1.05317462158178
J,e,f,f, ,Q,u,i,n,n,e,y
14.119754,14.909209462371628,-0.7894556247861786
R,y,a,n, ,P,a,l,m,e,r
13.6913395,14.10737835802291,-0.4160388652250582
M,i,c,h,a,e,l, ,S,i,m
14.260165,13.804868127665529,0.4552970868730455
G,r,e,g, ,C,h,a,l,m,e,r,s
14.293305,13.96921485246214,0.3240905445715523
T,o,m, ,G,i,l,l,i,s
13.956382,13.659908825869701,0.2964729719208261
M,a,t,t, ,B,e,t,t,e,n,c,o,u,r,t
13.493877,14.13864567789943,-0.6447682670107575
P,a,d,r,a,i,g, ,H,a,r,r,i,n,g,t,o,n
13.963252,13.612121838686422,0.3511302288794962
C,h,a,d, ,C,o,l,l,i,n,s
13.95155,15.114402738468018,-1.1628532084387206
L,u,k,e, ,D,o,n,a,l,d
13.292446,10.923813922805694,2.3686322136689153
B,r,a,d, ,F,a,x,o,n
14.21275,14.859842639719313,-0.6470922048438243
B,e,n, ,C,r,a,n,e
14.193261,14.755379134964912,-0.5621179884195016
C,h,a,r,l,e,y, ,H,o,f,f,m,a,n
14.405294,14.519505686200823,-0.114211267865862
K,e,v,i,n, ,N,a
13.880397,14.688077171561174,-0.807680328604631
G,e,o,f,f, ,O,g,i,l,v,y
14.483453,14.265625206185454,0.21782759075058067
C,h,a,r,l,i,e, ,W,i
14.045685,14.010865970486758,0.034818843966366586
M,a,t,t, ,J,o,n,e,s
14.161005,14.459867624354786,-0.2988626042131841
J,a,s,o,n, ,B,o,h,n
14.206749,13.841611933879015,0.3651370285233284
J,u,s,t,i,n, ,L,e,o,n,a,r,d
14.128149,14.202369642560305,-0.0742206099675311
K,e,v,i,n, ,S,t,r,e,e,l,m,a,n
14.584638,15.076808995481557,-0.4921713535748182
T,i,m, ,C,l,a,r,k
13.99598,13.57595303138181,0.42002723137453835
T,r,o,y, ,M,e,r,r,i,t,t
14.727416,14.58930549388871,0.1381105446244728
B,r,e,n,d,o,n, ,d,e, ,J,o,n,g,e
14.110455,13.929954692355142,0.18049986697102938
P,a,u,l, ,G,o,y,d,o,s
13.909955,14.31821731272651,-0.40826228800727193
S,c,o,t,t, ,V,e,r,p,l,a,n,k
14.099607,15.097369253398506,-0.997761785747139
J,u,s,t,i,n, ,R,o,s,e
13.619774,13.840690856494572,-0.2209169917484779
S,h,a,u,n, ,M,i,c,h,e,e,l
13.581743,13.23406931820194,0.347673922154506
M,i,k,e, ,W,e,i,r
14.065533,15.156214542629407,-1.0906818583032347
P,h,i,l, ,M,i,c,k,e,l,s,o,n
13.829303,13.407322746661428,0.4219800411193333
G,e,o,r,g,e, ,M,c,N,e,i,l,l
13.841496,14.978348193736085,-1.1368517261457534
B,u,b,b,a, ,W,a,t,s,o,n
14.20695,14.746379706443157,-0.539429518760052
N,i,c,k, ,W,a,t,n,e,y
13.831709,14.079201634135387,-0.24749272605433248
Y,.,E,., ,Y,a,n,g
14.646522,13.99755791050101,0.6489636577973297
S,p,e,n,c,e,r, ,L,e,v,i,n
13.922914,14.984297952338316,-1.06138440100775
R,e,t,i,e,f, ,G,o,o,s,e,n
14.239836,14.32608735077441,-0.08625161163866757
F,r,e,d,d,i,e, ,J,a,c,o,b,s,o,n
14.016803,14.172092097540954,-0.1552893097601924
B,r,y,c,e, ,M,o,l,d,e,r
14.032856,15.386129052715294,-1.3532730651664657
J,i,m, ,F,u,r,y,k
14.016307,15.313596933245174,-1.2972900561089435
D,u,s,t,i,n, ,J,o,h,n,s,o,n
13.631801,12.148925408098357,1.4828752434519359
R,i,c,h, ,B,a,r,c,e,l,o
14.144493,12.92197153194879,1.2225215710785537
C,h,r,i,s, ,D,i,M,a,r,c,o
14.021582,14.680433466357865,-0.6588518165775916
R,y,a,n, ,M,o,o,r,e
14.086691,14.056577324526904,0.030113578183057044
A,l,e,x, ,P,r,u,g,h
13.849994,14.251704010669838,-0.4017103049203268
R,o,r,y, ,S,a,b,b,a,t,i,n,i
13.7466955,12.995379644849022,0.7513158736446304
S,t,e,v,e, ,F,l,e,s,c,h
13.880536,13.778423247488307,0.10211283191843101
B,l,a,k,e, ,A,d,a,m,s
14.096888,14.68523239681858,-0.5883448083176042
J,.,B,., ,H,o,l,m,e,s
13.921247,13.728346805729762,0.1928997228957261
S,t,e,p,h,e,n, ,A,m,e,s
13.840916,13.731676672850728,0.10923900708091239
D,a,v,i,d, ,D,u,v,a,l
13.66767,13.03210382169841,0.6355664282405549
M,a,t,t, ,E,v,e,r,y
14.17438,13.648817044651082,0.5255632577781171
M,i,c,h,a,e,l, ,C,o,n,n,e,l,l
14.313678,14.603950190898686,-0.2902724031179247
K,.,J,., ,C,h,o,i
13.573062,12.920479724384277,0.6525822186699219
S,t,e,v,e, ,W,h,e,a,t,c,r,o,f,t
14.478019,14.42266130085484,0.055357459826312905
R,i,c,k,y, ,B,a,r,n,e,s
13.507459,12.648849594772077,0.8586090920565361
D,a,n,i,e,l, ,C,h,o,p,r,a
14.08948,13.17121639674119,0.9182640033442588
J,a,m,e,s, ,N,i,t,t,i,e,s
14.453912,13.844058169513142,0.6098536117978934
T,i,m, ,P,e,t,r,o,v,i,c
13.981254,14.26889878780252,-0.28764516384011785
S,t,e,w,a,r,t, ,C,i,n,k
13.908338,14.881711907579428,-0.9733743145008145
J,a,s,o,n, ,D,a,y
14.149311,14.491422053810107,-0.3421109881362785
S,t,u,a,r,t, ,A,p,p,l,e,b,y
13.843234,13.478268425048952,0.3649656371458718
A,r,o,n, ,P,r,i,c,e
14.594449,14.865320482388531,-0.27087143911460565
R,i,c,k,i,e, ,F,o,w,l,e,r
14.163651,13.24232714464731,0.9213243217223184
M,i,c,h,a,e,l, ,L,e,t,z,i,g
13.919666,13.192816249238561,0.7268500410446421
B,r,i,a,n, ,S,t,u,a,r,d
13.8830805,13.678271729857551,0.20480875262535925
G,a,r,r,e,t,t, ,W,i,l,l,i,s
13.906007,13.363235249264491,0.5427715637848252
N,a,t,h,a,n, ,G,r,e,e,n
13.732722,13.794459531742326,-0.06173724933265845
A,n,d,r,e,s, ,R,o,m,e,r,o
13.883355,13.373187463264815,0.5101676774212205
S,c,o,t,t, ,M,c,C,a,r,r,o,n
13.908812,14.2284642233715,-0.31965265415763255
L,u,c,a,s, ,G,l,o,v,e,r
13.917044,13.404121437493087,0.5129222484199989
T,o,m, ,P,e,r,n,i,c,e, ,J,r,.
14.228757,13.497164446054585,0.7315924585474658
W,o,o,d,y, ,A,u,s,t,i,n
13.556583,12.671920777644921,0.8846626268960947
M,a,r,t,i,n, ,F,l,o,r,e,s
13.86099,14.275006044558763,-0.4140164739410874
R,o,b,e,r,t, ,G,a,r,r,i,g,u,s
13.574694,13.284975302577871,0.2897183772316989
C,h,r,i,s, ,T,i,d,l,a,n,d
14.060581,13.532885013035319,0.5276961942400717
J,o,h,n,s,o,n, ,W,a,g,n,e,r
13.748355,13.123610599299644,0.6247443125045553
J,a,m,e,s, ,D,r,i,s,c,o,l,l
13.516853,11.974052311903295,1.5428010206162366
J,o,h,n, ,D,a,l,y
13.722545,11.802485772433782,1.9200588976711987
B,r,e,n,d,e,n, ,P,a,p,p,a,s
13.292097,12.626226017656448,0.6658710740183569
S,k,i,p, ,K,e,n,d,a,l,l
14.267276,13.116940701235935,1.1503351090057645
B,r,e,t,t, ,Q,u,i,g,l,e,y
13.979582,14.103888887972499,-0.12430705508675644
V,i,j,a,y, ,S,i,n,g,h
14.241806,14.297747183077163,-0.05594115280372591
D,.,J,., ,T,r,a,h,a,n
13.8920355,13.85057649814314,0.04145898617082544
J,.,J,., ,H,e,n,r,y
13.959877,13.30999580651686,0.6498812076432969
L,e,e, ,J,a,n,z,e,n
14.335971,13.820818446168781,0.5151524324322931
J,o,s,h, ,T,e,a,t,e,r
14.175569,14.21350583623135,-0.03793725560390904
M,a,r,c, ,L,e,i,s,h,m,a,n
13.782257,13.594337563826333,0.18791951625179237
J,e,f,f, ,M,a,g,g,e,r,t
14.46254,13.786239304376652,0.6763003684749105
C,h,a,d, ,C,a,m,p,b,e,l,l
14.161687,14.575347225924338,-0.4136603286465057
M,a,r,t,i,n, ,L,a,i,r,d
13.520751,13.788099278144891,-0.2673482786942074
D,e,r,e,k, ,L,a,m,e,l,y
13.815249,13.983340111104793,-0.1680906680505938
J,o,h,n, ,R,o,l,l,i,n,s
13.521562,12.948593153520132,0.5729684690994965
J,e,e,v, ,M,i,l,k,h,a, ,S,i,n,g,h
13.584263,14.753280550015527,-1.169017702115136
R,o,r,y, ,M,c,I,l,r,o,y
14.138073,14.244028561076666,-0.10595559354736928
J,o,n,a,t,h,a,n, ,B,y,r,d
13.816909,12.877745902956779,0.9391629334079674
T,i,m, ,H,e,r,r,o,n
14.348888,13.398198045696729,0.950690351520068
J,o,h,n, ,M,e,r,r,i,c,k
13.394642,11.683528628809984,1.7111132474107187
S,t,e,v,e, ,L,o,w,e,r,y
13.964572,15.089349572306025,-1.124777619486201
H,u,n,t,e,r, ,M,a,h,a,n
13.445988,14.051719583031797,-0.6057318816157817
A,n,g,e,l, ,C,a,b,r,e,r,a
14.051916,13.615449787571118,0.43646633486540587
K,e,v,i,n, ,S,u,t,h,e,r,l,a,n,d
14.001134,13.714864467475415,0.2862694512867918
A,l,e,x, ,C,e,j,k,a
14.150544,13.460488532916418,0.6900556336485231
B,o,b, ,E,s,t,e,s
14.122975,12.910399598889521,1.2125757505367485
J,a,y, ,W,i,l,l,i,a,m,s,o,n
13.634417,13.143482784424258,0.49093379577593765
B,r,e,t,t, ,W,e,t,t,e,r,i,c,h
14.379528,14.685835254061688,-0.30630720840739123
H,e,a,t,h, ,S,l,o,c,u,m
13.784306,13.211243839898204,0.5730617326115617
N,i,c,h,o,l,a,s, ,T,h,o,m,p,s,o,n
13.598496,12.28262619624595,1.3158702408268041
H,e,n,r,i,k, ,B,j,o,r,n,s,t,a,d
13.200753,14.547716419320198,-1.3469632073450999
I,a,n, ,P,o,u,l,t,e,r
13.431525,11.620604291268087,1.8109209391396277
V,a,n,c,e, ,V,e,a,z,e,y
14.101934,13.755847598602243,0.34608683438115584
C,h,r,i,s, ,S,t,r,o,u,d
13.860371,13.261455530303197,0.5989151056831314
C,h,a,r,l,e,s, ,W,a,r,r,e,n
13.908283,13.579384345426698,0.3288988882158801
M,a,r,k, ,W,i,l,s,o,n
14.223255,13.53258648160869,0.690668675862014
B,r,i,n,y, ,B,a,i,r,d
13.86637,13.231224957178563,0.6351452439322767
W,i,l,l, ,M,a,c,K,e,n,z,i,e
13.995638,13.79063675395973,0.20500113971702838
D,.,A,., ,P,o,i,n,t,s
13.486328,13.75027312597874,-0.2639450009787403
S,e,r,g,i,o, ,G,a,r,c,i,a
13.506127,10.880045195196931,2.6260821622859787
A,n,d,r,e,w, ,M,c,L,a,r,d,y
13.831683,12.501853087488096,1.3298300713864162
G,r,e,g, ,O,w,e,n
13.368343,12.954559921123284,0.41378343214820035
J,a,r,r,o,d, ,L,y,l,e
14.050579,13.930351492103544,0.12022757894137825
J,a,s,o,n, ,D,u,f,n,e,r
14.359306,14.05771685508671,0.30158948036250877
J,o,h,n, ,S,e,n,d,e,n
13.417781,11.244797622953609,2.172983253206059
C,h,r,i,s, ,W,i,l,s,o,n
13.542888,11.152070367780533,2.390817319902572
B,r,e,n,t, ,D,e,l,a,h,o,u,s,s,a,y,e
14.124278,13.768430480762271,0.3558475877802092
G,r,a,h,a,m, ,D,e,L,a,e,t
14.017445,14.009819149000124,0.007625461595578642
D,a,v,i,s, ,L,o,v,e, ,I,I,I
13.813869,13.337897248404381,0.475972227913978
C,a,m,e,r,o,n, ,P,e,r,c,y
13.830902,13.888643912475336,-0.05774181286596125
B,i,l,l, ,L,u,n,d,e
13.508855,12.56764507717398,0.9412097888538522
G,a,r,t,h, ,M,u,l,r,o,y
13.947751,12.554808659392249,1.392942385834802
O,m,a,r, ,U,r,e,s,t,i
13.960349,13.944841767155019,0.015507315791758458
R,o,c,c,o, ,M,e,d,i,a,t,e
13.275295,11.695080341207085,1.5802149163612746
M,a,r,k, ,C,a,l,c,a,v,e,c,c,h,i,a
13.374868,11.72131267504246,1.6535557179018756
D,a,v,i,d, ,L,u,t,t,e,r,u,s
13.876748,13.088883116283663,0.7878649687383099
M,a,t,h,e,w, ,G,o,g,g,i,n
13.966601,13.783823793215642,0.18277757854949428
K,e,n,n,y, ,P,e,r,r,y
14.032738,13.509065557541607,0.5236721743919865
T,r,o,y, ,M,a,t,t,e,s,o,n
13.185121,10.8623778980291,2.322742684551466
G,r,e,g, ,K,r,a,f,t
13.856861,13.587551681558926,0.269309432943027
R,o,l,a,n,d, ,T,h,a,t,c,h,e,r
13.252899,11.856054070162607,1.3968450997592683
C,r,a,i,g, ,B,o,w,d,e,n
13.455331,12.682710469758922,0.772620378934926
M,a,t,h,i,a,s, ,G,r,o,n,b,e,r,g
13.965742,13.919129758412383,0.04661235279367126
K,r,i,s, ,B,l,a,n,k,s
13.61718,12.953165724211566,0.6640141463939031
T,r,e,v,o,r, ,I,m,m,e,l,m,a,n
13.375032,11.211685227919597,2.1633471970071607
J,u,s,t,i,n, ,B,o,l,l,i
13.46385,12.620226563035207,0.8436234583270981
C,a,m,e,r,o,n, ,T,r,i,n,g,a,l,e
13.798085,13.37270177396565,0.42538343874186957
B,i,l,l,y, ,M,a,y,f,a,i,r
13.654899,12.823242800651704,0.8316558428419487
R,o,g,e,r, ,T,a,m,b,e,l,l,i,n,i
13.4507675,11.431227220985724,2.01954029610412
J,e,f,f, ,G,o,v,e
14.206465,15.715109567527739,-1.508644800071684
L,u,k,e, ,D,o,n,a,l,d
14.143436,15.199999289916525,-1.056562858031759
S,t,e,v,e, ,S,t,r,i,c,k,e,r
14.192008,14.550126403907793,-0.35811838541414076
R,i,c,k,i,e, ,F,o,w,l,e,r
14.090188,14.664363636943293,-0.5741756105150699
K,e,v,i,n, ,N,a
13.952243,14.087926442899827,-0.13568359164250232
A,n,d,r,e,s, ,R,o,m,e,r,o
14.194865,15.092883905703788,-0.8980186789581825
B,r,a,n,d,t, ,S,n,e,d,e,k,e,r
14.146797,14.487405501050716,-0.3406083208749351
B,r,y,c,e, ,M,o,l,d,e,r
14.581183,15.663548433568897,-1.082365000036182
W,e,b,b, ,S,i,m,p,s,o,n
13.962599,13.631816059116556,0.3307827415426239
G,r,e,g, ,C,h,a,l,m,e,r,s
14.356833,15.258638599648414,-0.9018051417016366
M,a,t,t, ,K,u,c,h,a,r
13.763619,15.192422541914764,-1.4288031190021666
J,a,s,o,n, ,D,a,y
14.064837,15.481456016914578,-1.4166185611650661
N,i,c,k, ,W,a,t,n,e,y
14.079451,14.727119949443043,-0.6476693421432387
F,r,e,d,d,i,e, ,J,a,c,o,b,s,o,n
13.839196,14.945198943801518,-1.106002738662358
A,a,r,o,n, ,B,a,d,d,e,l,e,y
13.825112,13.33969326206007,0.48541908077440254
S,t,e,v,e,n, ,B,o,w,d,i,t,c,h
13.747592,13.29567950678322,0.4519124655678546
S,t,e,v,e, ,F,l,e,s,c,h
13.489959,12.287615765483569,1.2023429976389899
L,e,e, ,J,a,n,z,e,n
14.495992,14.031689915476852,0.4643017913712928
B,r,e,n,d,o,n, ,d,e, ,J,o,n,g,e
13.836169,13.73483723482793,0.10133200803095654
C,h,r,i,s, ,C,o,u,c,h
13.787564,13.09926669064659,0.6882975870023351
S,h,a,n,e, ,B,e,r,t,s,c,h
14.387568,14.445518770887924,-0.05795029707200605
C,h,r,i,s, ,K,i,r,k
14.070133,15.069284158456187,-0.9991509492276709
H,u,n,t,e,r, ,M,a,h,a,n
13.668136,13.49649742040713,0.1716382225982418
J,o,e, ,O,g,i,l,v,i,e
13.868545,13.98819667598801,-0.11965209743576466
C,h,a,r,l,i,e, ,W,i
13.664758,14.192650948701486,-0.5278932201248256
G,e,o,r,g,e, ,M,c,N,e,i,l,l
13.920267,14.479695348393609,-0.5594282432910695
R,y,a,n, ,M,o,o,r,e
14.246626,12.957269370533,1.2893565297355547
V,a,u,g,h,n, ,T,a,y,l,o,r
14.597982,14.084015927188528,0.5139664794276833
B,r,i,a,n, ,D,a,v,i,s
14.138998,14.446997737137298,-0.30799970552108746
Z,a,c,h, ,J,o,h,n,s,o,n
13.899962,15.276439413315092,-1.3764769880831587
D,u,s,t,i,n, ,J,o,h,n,s,o,n
13.801357,14.80002351778925,-0.9986662485021398
M,a,r,t,i,n, ,L,a,i,r,d
13.587451,13.514304108692606,0.0731468724475306
I,a,n, ,P,o,u,l,t,e,r
13.535813,14.150970139165876,-0.6151568075618723
J,.,B,., ,H,o,l,m,e,s
13.684675,13.308663675167155,0.3760115415076495
M,a,t,t, ,J,o,n,e,s
14.090383,14.195719394656274,-0.10533681866750477
C,h,a,r,l,e,y, ,H,o,f,f,m,a,n
13.630708,13.462232694550991,0.16847504623270027
S,u,n,g, ,K,a,n,g
14.072547,13.44478884708037,0.6277581118429705
A,r,j,u,n, ,A,t,w,a,l
13.391596,13.350421233717004,0.04117460673709772
A,n,g,e,l, ,C,a,b,r,e,r,a
14.033278,13.48060269706903,0.5526757682019667
D,a,v,i,d, ,M,a,t,h,i,s
13.94574,14.893552724887673,-0.9478129787939231
J,o,n,a,t,h,a,n, ,B,y,r,d
13.848468,14.496117436589643,-0.6476496097463809
S,t,e,v,e, ,M,a,r,i,n,o
13.924977,14.070897460232272,-0.14592015768100275
J,e,f,f, ,O,v,e,r,t,o,n
14.197979,14.236623924280863,-0.03864495089219133
K,y,l,e, ,S,t,a,n,l,e,y
13.842715,12.777170829146057,1.0655444342206426
W,o,o,d,y, ,A,u,s,t,i,n
13.39754,12.50680666947657,0.8907334229916923
K,e,v,i,n, ,K,i,s,n,e,r
13.852551,14.430982642511577,-0.5784311822454633
R,y,a,n, ,P,a,l,m,e,r
14.003451,14.525591057210333,-0.5221397098592586
D,.,A,., ,P,o,i,n,t,s
13.850299,14.105605965977754,-0.2553070844469918
J,i,m,m,y, ,W,a,l,k,e,r
13.792159,13.74930024015307,0.042858840352300476
M,i,c,h,a,e,l, ,B,r,a,d,l,e,y
13.879622,13.720247777036604,0.15937468237501662
T,i,m, ,H,e,r,r,o,n
13.63172,12.736936163032672,0.8947834262007266
B,e,n, ,M,a,r,t,i,n
13.897025,14.039419416356301,-0.14239430801889874
S,c,o,t,t, ,P,i,e,r,c,y
14.4170685,14.592167199289877,-0.17509871784456443
T,o,m,m,y, ,G,a,i,n,e,y
13.3433075,12.753002593086984,0.5903049020302031
B,i,o, ,K,i,m
14.077793,13.753873423730099,0.32391969760779205
N,i,c,k, ,O,',H,e,r,n
13.868225,13.74858519057416,0.1196399070820906
M,i,c,h,a,e,l, ,T,h,o,m,p,s,o,n
13.9704275,12.928640269245923,1.0417872438766356
J,a,s,o,n, ,B,o,h,n
13.990103,15.223721976064198,-1.2336192081198618
B,i,l,l, ,H,a,a,s
13.494511,12.716768260845432,0.7777423897893332
A,r,o,n, ,P,r,i,c,e
13.420531,13.587806623893734,-0.16727535100555002
R,e,t,i,e,f, ,G,o,o,s,e,n
13.59359,14.392019984282634,-0.7984302015677898
R,o,b,e,r,t, ,K,a,r,l,s,s,o,n
13.461081,13.900676733616514,-0.4395961824690531
G,r,a,e,m,e, ,M,c,D,o,w,e,l,l
13.808785,13.805781382654416,0.0030040558831814224
R,y,u,j,i, ,I,m,a,d,a
13.967488,14.188312657430412,-0.2208243685510176
J,e,r,r,y, ,K,e,l,l,y
13.830794,12.96690417516825,0.8638901592433719
T,i,m, ,P,e,t,r,o,v,i,c
13.72311,12.902499442264974,0.8206107567096357
D,e,a,n, ,W,i,l,s,o,n
13.250701,12.986014304558966,0.26468664606359305
S,c,o,t,t, ,M,c,C,a,r,r,o,n
13.621006,13.173797661852314,0.4472083501105768
G,a,r,r,e,t,t, ,W,i,l,l,i,s
13.683806,14.23690872473217,-0.5531023053596122
S,e,r,g,i,o, ,G,a,r,c,i,a
13.777752,12.852468831400666,0.9252830912067562
F,a,b,i,a,n, ,G,o,m,e,z
14.142739,13.553267486152656,0.5894718098068168
J,o,s,h, ,T,e,a,t,e,r
13.629205,14.654861496476565,-1.02565674641553
Y,.,E,., ,Y,a,n,g
14.018171,13.761042756472454,0.25712855395235046
T,r,o,y, ,M,a,t,t,e,s,o,n
13.618015,13.413190997430004,0.20482429187663698
R,o,d, ,P,a,m,p,l,i,n,g
13.397898,14.772773545068977,-1.3748758247320634
C,h,a,r,l, ,S,c,h,w,a,r,t,z,e,l
14.269186,14.240575658460466,0.02861036143699458
J,i,m, ,F,u,r,y,k
14.538257,14.657093691791182,-0.11883704658854555
S,p,e,n,c,e,r, ,L,e,v,i,n
14.097388,14.496741521582635,-0.3993532540655451
B,r,e,n,d,a,n, ,S,t,e,e,l,e
13.725818,13.409601851480897,0.31621582887798994
R,o,l,a,n,d, ,T,h,a,t,c,h,e,r
14.162797,14.965600190748411,-0.8028032165662822
M,a,r,k, ,W,i,l,s,o,n
13.733936,13.720278575102489,0.013657734711964409
S,t,e,w,a,r,t, ,C,i,n,k
13.746297,14.334062655506681,-0.5877657728772867
B,e,n, ,C,r,a,n,e
13.622063,13.595909474694457,0.026153208411011875
P,a,d,r,a,i,g, ,H,a,r,r,i,n,g,t,o,n
13.991871,15.06191334330696,-1.0700424631800072
B,u,b,b,a, ,W,a,t,s,o,n
13.680993,12.751012698311857,0.9299803818273027
A,l,e,x, ,C,e,j,k,a
13.801598,12.854925664735925,0.9466719304789191
T,a,g, ,R,i,d,i,n,g,s
14.129933,13.551768945388218,0.5781644118505511
K,e,v,i,n, ,S,t,a,d,l,e,r
13.774319,13.213278458350622,0.5610402367177372
S,t,e,p,h,e,n, ,A,m,e,s
13.952126,15.304968272748415,-1.3528427234320084
K,.,J,., ,C,h,o,i
14.135608,13.907632022853008,0.2279756965683788
C,h,r,i,s, ,S,t,r,o,u,d
14.0679245,14.699548722667771,-0.6316242231560523
R,o,r,y, ,S,a,b,b,a,t,i,n,i
14.128536,14.667601911185544,-0.5390656868203099
B,o, ,V,a,n, ,P,e,l,t
14.112229,14.099039267131594,0.013190080097409407
C,a,m,e,r,o,n, ,T,r,i,n,g,a,l,e
13.582955,14.094857489441138,-0.5119021290285399
H,a,r,r,i,s,o,n, ,F,r,a,z,a,r
13.697859,13.186319854186943,0.511538956237862
B,i,l,l,y, ,H,o,r,s,c,h,e,l
13.952494,13.968749107641564,-0.016255440039024904
T,r,e,v,o,r, ,I,m,m,e,l,m,a,n
14.084107,13.567788668780087,0.5163187302067289
B,i,l,l,y, ,M,a,y,f,a,i,r
14.084254,14.487005511773067,-0.40275124694152353
S,c,o,t,t, ,S,t,a,l,l,i,n,g,s
13.401885,11.856210158310157,1.5456748743436517
M,a,r,t,i,n, ,P,i,l,l,e,r
13.801675,14.018088070658017,-0.21641322782354422
J,o,h,n,s,o,n, ,W,a,g,n,e,r
14.175087,14.141446770819133,0.0336402042785231
P,a,u,l, ,G,o,y,d,o,s
14.144485,15.053476009816539,-0.908990536183726
G,a,r,y, ,W,o,o,d,l,a,n,d
13.389202,12.162596089109392,1.2266060288105294
D,.,J,., ,B,r,i,g,m,a,n
13.398526,13.515768049953452,-0.11724185824202671
J,a,m,e,s, ,D,r,i,s,c,o,l,l
14.220405,13.675180104017032,0.5452245209219324
D,a,v,i,d, ,H,e,a,r,n
14.258729,13.18614911527166,1.0725798657464072
W,i,l,l,i,a,m, ,M,c,G,i,r,t
13.610509,13.395667581910153,0.21484133685205364
S,t,u,a,r,t, ,A,p,p,l,e,b,y
13.779117,12.795588370301912,0.983528260252287
K,e,n,t, ,J,o,n,e,s
14.128698,14.646161045144417,-0.5174626961453939
J,o,h,n, ,S,e,n,d,e,n
14.065656,14.678843031219488,-0.6131873229064997
V,i,j,a,y, ,S,i,n,g,h
14.337921,14.115622557794586,0.22229858478353925
K,r,i,s, ,B,l,a,n,k,s
13.464447,12.615347155312286,0.8490998661720894
D,e,r,e,k, ,L,a,m,e,l,y
13.959455,13.870281847110057,0.08917268932793121
D,a,v,i,s, ,L,o,v,e, ,I,I,I
13.612478,12.881424931948192,0.7310533242773936
J,i,m, ,R,e,n,n,e,r
14.302847,13.550523657391253,0.7523232511780833
H,e,a,t,h, ,S,l,o,c,u,m
13.588778,13.756063055570854,-0.16728551345659604
B,r,i,n,y, ,B,a,i,r,d
13.900152,13.68012258581921,0.22002962060168763
J,.,J,., ,H,e,n,r,y
13.897706,13.765885345238823,0.13182068656049317
R,i,c,k,y, ,B,a,r,n,e,s
13.725548,12.956228506498354,0.76931928402899
B,e,n, ,C,u,r,t,i,s
13.41397,12.137627838114382,1.276342155476927
J,.,P,., ,H,a,y,e,s
13.63581,13.410146444755954,0.22566345362051088
B,o,b,b,y, ,G,a,t,e,s
14.076019,13.7673303077595,0.30868897934987416
J,u,s,t,i,n, ,L,e,o,n,a,r,d
13.990997,12.584745354705511,1.406251959747614
A,l,e,x, ,P,r,u,g,h
13.452908,12.60955245089502,0.8433551113608395
M,a,r,c, ,T,u,r,n,e,s,a
13.855004,12.642264158755912,1.2127401518519978
M,i,c,h,a,e,l, ,C,o,n,n,e,l,l
14.618326,13.9144713389355,0.7038548481982883
C,h,a,d, ,C,a,m,p,b,e,l,l
13.200261,11.82259894406266,1.3776621719651718
R,o,c,c,o, ,M,e,d,i,a,t,e
13.74345,12.96533522829698,0.7781149364979427
Z,a,c,k, ,M,i,l,l,e,r
13.78209,14.210215987785979,-0.42812580071322515
S,e,a,n, ,O,',H,a,i,r
13.021337,11.599378352700427,1.4219582027805302
W,i,l,l, ,S,t,r,i,c,k,l,e,r
13.363301,12.264836714060866,1.0984645630997782
R,i,c,h,a,r,d, ,J,o,h,n,s,o,n
13.657842,12.668100805100087,0.9897408773339951
J,a,r,r,o,d, ,L,y,l,e
14.07679,13.41229042800585,0.6644994279511813
D,.,J,., ,T,r,a,h,a,n
13.690465,14.43307930115086,-0.742614327701153
J,h,o,n,a,t,t,a,n, ,V,e,g,a,s
13.497267,12.093614780948718,1.403651988460462
J,o,s,e,p,h, ,B,r,a,m,l,e,t,t
13.45722,12.344781860068734,1.1124382174459146
S,c,o,t,t, ,G,u,t,s,c,h,e,w,s,k,i
13.451999,11.928169272041934,1.5238294385903899
T,r,o,y, ,M,e,r,r,i,t,t
13.554216,13.609896218360914,-0.05567983347321892
T,o,m, ,G,i,l,l,i,s
13.600854,12.190166815846396,1.4106871041365139
J,i,m, ,H,e,r,m,a,n
13.7032,12.540864900343292,1.1623354399277037
B,o,o, ,W,e,e,k,l,e,y
13.214242,11.814695336739629,1.399546644766719
R,i,c,h, ,B,e,e,m
13.372953,12.323966786125286,1.048986628791706
A,l,e,x,a,n,d,r,e, ,R,o,c,h,a
13.891745,14.628968687424953,-0.737224073777492
J,o,n,a,s, ,B,l,i,x,t
14.121417,15.422894161750548,-1.3014771161572867
B,r,a,n,d,t, ,S,n,e,d,e,k,e,r
14.309328,15.320530621401797,-1.0112025421781645
Z,a,c,h, ,J,o,h,n,s,o,n
13.870178,13.969627237213519,-0.09944901455726907
G,r,e,g, ,C,h,a,l,m,e,r,s
13.876107,15.900928082833937,-2.02482086695259
R,o,r,y, ,M,c,I,l,r,o,y
14.253446,14.928521684033479,-0.6750760587283029
B,o, ,V,a,n, ,P,e,l,t
13.761872,14.694422942486534,-0.9325506509215931
G,r,a,e,m,e, ,M,c,D,o,w,e,l,l
13.68651,14.346940840254574,-0.6604307541950032
B,e,n, ,C,r,a,n,e
14.260124,14.86596253406478,-0.6058383275218109
R,y,a,n, ,M,o,o,r,e
13.314247,13.099104985827127,0.21514214552052913
J,o,h,n, ,D,a,l,y
13.609636,14.010874195875573,-0.4012378891128776
A,a,r,o,n, ,B,a,d,d,e,l,e,y
13.3562155,12.166281369636925,1.189934107352821
D,a,n,i,e,l, ,C,h,o,p,r,a
13.683814,15.071702782690643,-1.3878887339235533
L,u,k,e, ,D,o,n,a,l,d
14.300111,14.262546180381847,0.03756463657371967
J,e,f,f, ,O,v,e,r,t,o,n
14.132455,14.091649514253572,0.04080535787777606
B,r,i,a,n, ,D,a,v,i,s
13.925084,15.25150443157582,-1.3264203175011122
P,h,i,l, ,M,i,c,k,e,l,s,o,n
14.326235,14.808467843172837,-0.4822330256679539
S,c,o,t,t, ,P,i,e,r,c,y
14.154239,15.045157249370813,-0.8909185485041142
S,t,e,v,e, ,S,t,r,i,c,k,e,r
13.594259,13.969048478664426,-0.3747892165794653
S,a,n,g,m,o,o,n, ,B,a,e
13.3699045,13.026460221824614,0.34344429630282747
Y,.,E,., ,Y,a,n,g
14.212654,14.247778570754525,-0.03512445698499356
T,o,m,m,y, ,G,a,i,n,e,y
14.211755,15.177272443671152,-0.9655176447819915
M,a,t,t, ,K,u,c,h,a,r
13.797285,14.523517779181228,-0.7262326992251733
K,e,v,i,n, ,N,a
14.029842,14.221784672072152,-0.19194229536316776
R,y,a,n, ,P,a,l,m,e,r
14.371593,13.952178152562198,0.41941532277959936
B,r,i,a,n, ,H,a,r,m,a,n
13.698881,14.065191653082502,-0.3663105037905101
S,p,e,n,c,e,r, ,L,e,v,i,n
14.374583,15.398461363666065,-1.023878119342335
J,a,s,o,n, ,D,u,f,n,e,r
13.748462,15.057066677947267,-1.3086049546196303
L,o,u,i,s, ,O,o,s,t,h,u,i,z,e,n
14.19438,15.179216204247986,-0.9848363977294312
K,e,e,g,a,n, ,B,r,a,d,l,e,y
14.018815,13.825232149787377,0.193582890801002
B,o,b, ,E,s,t,e,s
14.164719,13.77537270436624,0.38934592356344666
B,r,i,a,n, ,G,a,y
13.982518,15.629220346545967,-1.6467021504400101
T,i,g,e,r, ,W,o,o,d,s
13.772264,14.72945934963602,-0.9571958227195161
B,e,n, ,C,u,r,t,i,s
13.528504,11.286363577797534,2.2421407938455324
M,a,r,c,o, ,D,a,w,s,o,n
13.936248,15.037466688602679,-1.1012188629801205
D,u,s,t,i,n, ,J,o,h,n,s,o,n
13.609968,12.791389596531365,0.8185785888934394
D,a,n,n,y, ,L,e,e
13.670631,12.722109666346697,0.9485217423447097
M,a,t,t, ,B,e,t,t,e,n,c,o,u,r,t
14.607126,14.516254311362074,0.09087192459984017
B,r,e,n,d,o,n, ,d,e, ,J,o,n,g,e
13.784937,13.805210696032235,-0.0202737911250086
D,a,v,i,s, ,L,o,v,e, ,I,I,I
14.035316,13.21243805768584,0.8228784095993156
V,a,u,g,h,n, ,T,a,y,l,o,r
13.602965,12.99684096992255,0.6061243849968836
M,a,r,k, ,A,n,d,e,r,s,o,n
13.555447,11.583067009812599,1.9723796149432609
T,o,m,m,y, ,B,i,e,r,s,h,e,n,k
13.775222,13.056857989001209,0.7183638356447872
C,h,r,i,s, ,D,i,M,a,r,c,o
13.309672,12.130696947073998,1.1789754085778572
D,e,r,e,k, ,L,a,m,e,l,y
13.561224,12.53405177474649,1.0271722090181576
G,a,r,t,h, ,M,u,l,r,o,y
13.816326,12.419412295269925,1.3969138460874966
G,a,v,i,n, ,C,o,l,e,s
14.091567,14.805836945091633,-0.7142699056018866
J,o,h,n, ,H,u,h
13.771845,14.466089950158974,-0.6942450862673724
J,o,h,n, ,S,e,n,d,e,n
13.980894,13.936682511413103,0.044211577332013974
R,o,r,y, ,S,a,b,b,a,t,i,n,i
13.676465,15.351301069088693,-1.67483603460383
B,u,b,b,a, ,W,a,t,s,o,n
13.634617,14.919630650793287,-1.2850137989866468
L,e,e, ,W,e,s,t,w,o,o,d
14.133727,13.995798381457224,0.13792869221220982
C,h,r,i,s, ,K,i,r,k
13.662998,13.213541395210772,0.44945680425211876
R,i,c,h,a,r,d, ,L,e,e
13.970913,13.969188268816481,0.0017246645331283617
B,r,y,c,e, ,M,o,l,d,e,r
13.996673,13.850461592073897,0.14621103823616188
M,a,r,t,i,n, ,F,l,o,r,e,s
14.288123,15.10303486079721,-0.8149117299988706
J,i,m, ,F,u,r,y,k
14.010488,14.15794569538913,-0.14745813893160964
M,i,c,h,a,e,l, ,T,h,o,m,p,s,o,n
13.892946,13.98060541690524,-0.08765917361910702
J,.,B,., ,H,o,l,m,e,s
13.569302,14.591565415175102,-1.022263809950493
M,a,r,t,i,n, ,L,a,i,r,d
14.160586,14.021668263126827,0.1389180939898722
W,i,l,l,i,a,m, ,M,c,G,i,r,t
14.06054,13.714107755771897,0.34643244350788827
C,h,r,i,s, ,S,t,r,o,u,d
13.268234,11.49217158537701,1.7760626675526776
E,d,w,a,r,d, ,L,o,a,r
14.3560705,14.928756254150322,-0.5726857356566697
N,i,c,k, ,W,a,t,n,e,y
14.433418,14.389016853133283,0.044401420792498314
B,u,d, ,C,a,u,l,e,y
13.471938,12.724410978095937,0.7475271551438087
C,h,r,i,s, ,C,o,u,c,h
13.67341,12.382740751644786,1.2906696640046285
R,y,u,j,i, ,I,m,a,d,a
13.526503,12.897626056714161,0.6288765525387685
H,u,n,t,e,r, ,H,a,a,s
13.586741,12.793203539906239,0.7935379075424915
E,r,i,k, ,C,o,m,p,t,o,n
14.04423,14.303937186786786,-0.2597067256661809
S,e,u,n,g,-,Y,u,l, ,N,o,h
13.910109,15.272013817577157,-1.3619052512929777
J,u,s,t,i,n, ,R,o,s,e
13.644916,13.945524270801549,-0.3006086900520373
C,h,a,r,l, ,S,c,h,w,a,r,t,z,e,l
14.118771,14.026050212832214,0.09272038653302062
B,l,a,k,e, ,A,d,a,m,s
13.709448,12.841482126849717,0.867965733868056
S,t,u,a,r,t, ,A,p,p,l,e,b,y
14.052781,13.98609938804757,0.06668171699393355
H,a,r,r,i,s, ,E,n,g,l,i,s,h
13.425116,12.754815248341961,0.6703003369851874
K,e,v,i,n, ,K,i,s,n,e,r
13.785309,13.37809027861456,0.40721855927606576
J,e,r,r,y, ,K,e,l,l,y
13.951559,13.293957601557395,0.6576014652150661
B,i,l,l, ,L,u,n,d,e
13.732828,13.921239905595225,-0.18841176533643633
D,a,n,i,e,l, ,S,u,m,m,e,r,h,a,y,s
14.372088,14.98069991352292,-0.6086114812109091
R,o,b,e,r,t, ,G,a,r,r,i,g,u,s
13.438344,12.882429656782644,0.5559143449873751
R,o,b,e,r,t, ,K,a,r,l,s,s,o,n
13.98783,13.43387232194764,0.5539578401007006
J,e,f,f, ,M,a,g,g,e,r,t
13.572824,13.784077680740705,-0.21125415626560695
K,.,J,., ,C,h,o,i
13.923846,13.964775034002797,-0.0409287891907848
S,e,a,n, ,O,',H,a,i,r
14.167142,13.826874740343312,0.3402671740243637
J,o,s,h, ,T,e,a,t,e,r
13.916177,13.105680997070554,0.810495798888919
C,a,m,i,l,o, ,V,i,l,l,e,g,a,s
13.636146,13.094328034109672,0.5418175576261675
B,i,l,l,y, ,H,o,r,s,c,h,e,l
13.727532,13.65086702014261,0.07666536663717594
C,o,l,t, ,K,n,o,s,t
13.88672,15.206591694174318,-1.3198719905000011
H,u,n,t,e,r, ,M,a,h,a,n
13.603909,12.398150619987911,1.2057579188304484
R,o,c,c,o, ,M,e,d,i,a,t,e
13.609747,14.880068179786898,-1.2703212468034994
A,d,a,m, ,S,c,o,t,t
13.926192,13.586786464348807,0.33940581928156455
J,a,s,o,n, ,B,o,h,n
13.990018,13.331743850573293,0.6582740403568828
G,a,r,y, ,C,h,r,i,s,t,i,a,n
13.508066,12.812165720914926,0.6959004564532378
N,a,t,h,a,n, ,G,r,e,e,n
14.200859,13.828007149293557,0.3728519205306622
D,a,v,i,d, ,H,e,a,r,n
13.972072,14.615270170208055,-0.6431985225640116
J,o,h,n,s,o,n, ,W,a,g,n,e,r
13.696971,12.762165090920455,0.9348058487157758
A,r,j,u,n, ,A,t,w,a,l
13.7408085,14.213719402957661,-0.47291091601918467
J,o,h,n, ,R,o,l,l,i,n,s
13.870906,13.14721792810153,0.7236879480581386
R,u,s,s,e,l,l, ,K,n,o,x
13.753585,13.199611414390246,0.5539734473651254
J,u,s,t,i,n, ,L,e,o,n,a,r,d
13.743907,14.156990236396027,-0.41308326160354625
T,i,m, ,C,l,a,r,k
13.766038,13.928423085260972,-0.16238514428196815
G,e,o,r,g,e, ,M,c,N,e,i,l,l
14.01733,13.703165708532003,0.31416446114573127
K,e,v,i,n, ,S,t,r,e,e,l,m,a,n
13.304491,12.749361587209325,0.5551294558814952
B,r,a,n,d,t, ,J,o,b,e
13.9894285,14.242971963944335,-0.2535434437416981
D,.,A,., ,P,o,i,n,t,s
13.314645,13.501077856658668,-0.18643304312107034
H,a,r,r,i,s,o,n, ,F,r,a,z,a,r
13.623265,13.767887362621778,-0.1446220962033209
F,r,e,d,d,i,e, ,J,a,c,o,b,s,o,n
13.934685,14.251204793757486,-0.3165200403395172
K,e,v,i,n, ,S,t,a,d,l,e,r
13.988236,14.065940817705574,-0.0777043903984449
C,h,a,r,l,e,s, ,H,o,w,e,l,l, ,I,I,I
13.701299,14.139888524278533,-0.43858981059445057
T,e,d, ,P,o,t,t,e,r,",", ,J,r,.
14.053845,14.670715786832574,-0.6168703812539604
K,y,l,e, ,S,t,a,n,l,e,y
13.992757,13.534598848130075,0.4581579954368191
R,o,b,e,r,t,o, ,C,a,s,t,r,o
13.387454,13.785997294685815,-0.39854326178786614
A,n,d,r,e,s, ,R,o,m,e,r,o
13.880629,13.99695923390856,-0.11633064809313076
T,r,o,y, ,M,a,t,t,e,s,o,n
13.478581,13.594618220764985,-0.11603679223715346
J,h,o,n,a,t,t,a,n, ,V,e,g,a,s
13.933392,15.05478785937759,-1.1213962883326687
E,r,n,i,e, ,E,l,s
13.398861,12.466912672013859,0.9319482593826258
M,a,t,h,e,w, ,G,o,g,g,i,n
13.763183,13.100884345727204,0.6622982943484796
N,i,c,k, ,O,',H,e,r,n
13.980016,13.400417751951334,0.5795980027483729
T,i,m, ,H,e,r,r,o,n
13.276888,12.612384062084963,0.6645038315917944
M,a,t,t, ,J,o,n,e,s
13.79319,13.528121775832016,0.2650682266093902
J,a,s,o,n, ,K,o,k,r,a,k
13.50154,13.575770035742694,-0.07422985172169838
T,r,o,y, ,K,e,l,l,y
13.778306,14.578547540981633,-0.8002415335963793
M,a,r,k, ,W,i,l,s,o,n
13.526718,14.132893170185177,-0.6061750305367397
C,h,a,r,l,i,e, ,B,e,l,j,a,n
13.847341,13.38088797207313,0.4664526117281387
K,e,v,i,n, ,C,h,a,p,p,e,l,l
13.842429,13.338914043332274,0.5035151177395036
R,o,d, ,P,a,m,p,l,i,n,g
13.30615,12.154284491877867,1.1518659445235002
T,o,m, ,P,e,r,n,i,c,e, ,J,r,.
13.670316,14.669904609298246,-0.9995888668055706
B,i,l,l, ,H,a,a,s
13.393985,12.040248259023672,1.3537365355930273
S,u,n,g, ,K,a,n,g
13.942892,13.896746707049374,0.046145367535586956
J,o,h,n, ,M,e,r,r,i,c,k
13.261032,13.496750529941632,-0.23571842544944488
R,y,o, ,I,s,h,i,k,a,w,a
13.782229,14.474976852155331,-0.6927474286323818
M,a,r,c, ,L,e,i,s,h,m,a,n
14.003381,13.014686848523832,0.9886939269278283
K,y,l,e, ,R,e,i,f,e,r,s
13.326486,11.81447345965862,1.5120121741914776
S,t,e,v,e, ,W,h,e,a,t,c,r,o,f,t
13.090778,13.581188509409223,-0.49041015857914516
H,e,n,r,i,k, ,S,t,e,n,s,o,n
13.48653,12.506099457177886,0.9804308467771925
M,i,g,u,e,l, ,A,n,g,e,l, ,C,a,r,b,a,l,l,o
13.423296,11.77213089942946,1.6511650753019858
P,a,t,r,i,c,k, ,S,h,e,e,h,a,n
13.572853,12.163926858516483,1.4089262298624234
M,i,c,h,a,e,l, ,B,r,a,d,l,e,y
13.141221,12.55455814734078,0.5866628991069742
A,n,g,e,l, ,C,a,b,r,e,r,a
14.17401,13.158110757822836,1.0158995189715974
H,e,a,t,h, ,S,l,o,c,u,m
13.89653,14.019052853705658,-0.12252270233847007
C,a,m,e,r,o,n, ,T,r,i,n,g,a,l,e
13.886034,13.60346395711137,0.28257005472945096
R,o,b,e,r,t, ,A,l,l,e,n,b,y
14.042428,13.59910301869522,0.4433249979673768
R,i,c,k,y, ,B,a,r,n,e,s
13.117039,10.98022907678602,2.13680965002062
S,t,e,p,h,e,n, ,G,a,n,g,l,u,f,f
13.849215,13.171709577433356,0.6775049763996517
B,o,b,b,y, ,G,a,t,e,s
13.527629,13.078960973155326,0.4486679254652799
S,c,o,t,t, ,B,r,o,w,n
13.977482,14.07618262223752,-0.09870078019650386
J,.,J,., ,H,e,n,r,y
13.882534,14.073047033544212,-0.19051300644460234
S,c,o,t,t, ,S,t,a,l,l,i,n,g,s
13.502894,13.075632291876707,0.42726210967358647
S,t,e,w,a,r,t, ,C,i,n,k
13.534838,12.874053288715135,0.660784434063185
K,r,i,s, ,B,l,a,n,k,s
13.527131,13.292745609941859,0.23438547068558258
G,a,r,y, ,W,o,o,d,l,a,n,d
13.698293,13.337410238810987,0.36088249342778234
B,i,l,l,y, ,M,a,y,f,a,i,r
13.641325,13.323082980761379,0.3182420161868631
D,.,J,., ,T,r,a,h,a,n
13.915619,13.651043850424902,0.26457504605947335
B,o,o, ,W,e,e,k,l,e,y
13.460333,13.328821294548083,0.13151157593531515
A,l,e,x,a,n,d,r,e, ,R,o,c,h,a
13.34659,12.346790652469053,0.9997993896452044
S,c,o,t,t, ,D,u,n,l,a,p
13.376402,10.724588097406535,2.651813803838582
K,y,l,e, ,T,h,o,m,p,s,o,n
14.164471,15.519493448419567,-1.3550227758121451
P,h,i,l, ,M,i,c,k,e,l,s,o,n
14.312245,13.973807487349404,0.3384378816081153
D,a,v,i,d, ,H,e,a,r,n
13.526146,13.488426315896984,0.03771961916161004
A,a,r,o,n, ,B,a,d,d,e,l,e,y
14.142841,13.61329889804824,0.5295424410630876
B,r,y,c,e, ,M,o,l,d,e,r
13.6963415,15.306284521852138,-1.6099430072647358
S,t,e,v,e, ,S,t,r,i,c,k,e,r
14.615446,14.362831646303192,0.25261444439505
C,h,r,i,s, ,K,i,r,k
13.790122,13.39493841100906,0.3951836211564679
C,h,a,r,l,i,e, ,W,i
14.187781,14.235267713135887,-0.047486379212546836
R,y,a,n, ,P,a,l,m,e,r
13.874745,15.961843865353446,-2.0870984963959263
T,i,g,e,r, ,W,o,o,d,s
14.264269,14.01560899881089,0.24865987631118003
B,r,i,a,n, ,D,a,v,i,s
14.100396,14.274467774628675,-0.1740716183176403
C,h,a,r,l,e,y, ,H,o,f,f,m,a,n
14.021904,14.354713704011013,-0.33280971231179457
S,a,n,g,m,o,o,n, ,B,a,e
13.672589,14.404652970092327,-0.7320636680293386
R,o,r,y, ,M,c,I,l,r,o,y
14.21892,15.068759979550721,-0.8498402255224011
B,i,l,l,y, ,H,o,r,s,c,h,e,l
13.863718,13.618401401574594,0.24531663126231962
J,a,m,e,s, ,D,r,i,s,c,o,l,l
13.814398,13.677400700145585,0.13699711174406382
M,o,r,g,a,n, ,H,o,f,f,m,a,n,n
13.897586,14.629423875860654,-0.7318380070252051
C,h,a,r,l, ,S,c,h,w,a,r,t,z,e,l
13.441055,12.178238854600737,1.2628164432508253
M,i,k,e, ,W,e,i,r
13.718406,14.473365219902398,-0.7549594963306205
L,u,k,e, ,D,o,n,a,l,d
13.953932,13.65710902270614,0.29682278576554033
J,a,m,e,s, ,H,a,h,n
13.673268,14.626946424095912,-0.9536781059196429
S,e,r,g,i,o, ,G,a,r,c,i,a
14.365167,15.541274088982695,-1.1761074248591594
M,a,t,t, ,K,u,c,h,a,r
13.538285,12.7335193703124,0.8047658851197284
D,o,u,g, ,L,a,B,e,l,l,e, ,I,I
13.928924,14.412554794565414,-0.48363118769285585
R,i,c,k,i,e, ,F,o,w,l,e,r
14.236307,13.988511310711473,0.2477958334535657
M,a,t,t, ,E,v,e,r,y
13.928826,13.489395302176185,0.4394310299161006
J,e,f,f, ,O,v,e,r,t,o,n
14.0330515,14.445392539700931,-0.41234104891723966
C,h,a,r,l,e,s, ,H,o,w,e,l,l, ,I,I,I
14.091668,14.060717708062958,0.030950420904327203
D,a,n,i,e,l, ,S,u,m,m,e,r,h,a,y,s
13.64899,13.939810092822016,-0.2908204153928171
R,o,b,e,r,t, ,G,a,r,r,i,g,u,s
14.129118,14.565779762813188,-0.43666179711494557
J,i,m,m,y, ,W,a,l,k,e,r
13.917309,15.103372846238912,-1.1860640388658652
J,a,s,o,n, ,D,a,y
14.181685,14.899882262456254,-0.7181968147633828
W,e,b,b, ,S,i,m,p,s,o,n
13.922286,14.48922973104927,-0.5669436974188997
P,a,t,r,i,c,k, ,R,e,e,d
13.288813,13.48492933519704,-0.19611669786793762
A,n,d,r,e,s, ,R,o,m,e,r,o
14.188173,14.286838934344917,-0.09866564027753455
C,h,r,i,s, ,S,t,r,o,u,d
14.035791,14.512662209915456,-0.47687081282072974
R,u,s,s,e,l,l, ,H,e,n,l,e,y
14.145229,14.063288964103347,0.08194037549626287
K,e,v,i,n, ,S,t,a,d,l,e,r
13.315335,12.149433508607332,1.1659017651353434
S,t,e,p,h,e,n, ,A,m,e,s
14.206217,13.472563806835444,0.7336530052983452
C,a,m,i,l,o, ,V,i,l,l,e,g,a,s
13.384035,13.321504357994508,0.06253075247912498
P,e,t,e,r, ,H,a,n,s,o,n
13.71914,13.690844891248442,0.028295161546967762
D,.,H,., ,L,e,e
13.975912,13.51189285174989,0.4640192423663212
C,a,r,l, ,P,e,t,t,e,r,s,s,o,n
14.398874,14.98015369120123,-0.5812794083643151
J,i,m, ,F,u,r,y,k
13.910706,13.720935008253173,0.18977055815307686
B,r,i,a,n, ,H,a,r,m,a,n
14.02396,13.553778193805723,0.4701819197196677
B,o,b, ,E,s,t,e,s
13.784732,13.28268128643271,0.5020505784964886
F,a,b,i,a,n, ,G,o,m,e,z
13.540726,12.897430726605657,0.6432949814021551
V,a,u,g,h,n, ,T,a,y,l,o,r
13.230116,12.289931140740888,0.9401847497620412
A,a,r,o,n, ,W,a,t,k,i,n,s
14.130284,15.10661803167902,-0.9763337222918125
K,e,e,g,a,n, ,B,r,a,d,l,e,y
14.092466,14.36056715913933,-0.2681008047692135
M,a,t,t, ,J,o,n,e,s
13.789665,14.4198724254035,-0.6302072032355319
S,c,o,t,t, ,P,i,e,r,c,y
14.293523,14.359334885961822,-0.0658120511839897
K,e,n, ,D,u,k,e
13.91127,13.632076782884806,0.279193358716757
J,e,r,r,y, ,K,e,l,l,y
13.996568,14.052575949179454,-0.05600822304420028
J,a,s,o,n, ,K,o,k,r,a,k
13.861653,14.374045190232907,-0.5123918622910129
D,a,v,i,d, ,L,i,n,g,m,e,r,t,h
13.852542,13.789987600733188,0.06255432278976158
P,a,t, ,P,e,r,e,z
13.88514,13.96741500260743,-0.08227458360108209
J,o,h,n, ,R,o,l,l,i,n,s
14.442417,14.583253484554062,-0.14083633977867116
R,o,b,e,r,t,o, ,C,a,s,t,r,o
13.963719,14.793417796045448,-0.829698428064491
D,.,A,., ,P,o,i,n,t,s
13.917762,14.299556998765215,-0.3817951960918755
S,c,o,t,t, ,S,t,a,l,l,i,n,g,s
13.816557,13.673237064282908,0.143319866259084
W,i,l,l,i,a,m, ,M,c,G,i,r,t
14.057427,14.493279090982904,-0.43585168467186897
J,o,h,n, ,M,e,r,r,i,c,k
13.602501,12.082265249802102,1.5202356657252416
C,o,l,t, ,K,n,o,s,t
14.06942,13.599337655130865,0.4700822057089784
M,a,r,t,i,n, ,F,l,o,r,e,s
13.833038,14.901784710573402,-1.068746380495277
D,u,s,t,i,n, ,J,o,h,n,s,o,n
13.7310095,14.30608428952972,-0.5750748061923172
D,a,v,i,d, ,L,y,n,n
13.718513,14.522322449646788,-0.8038099145515734
J,o,n,a,s, ,B,l,i,x,t
14.0359125,13.289444384781998,0.7464681289509123
C,h,e,z, ,R,e,a,v,i,e
13.939775,14.10268149981106,-0.16290603289211525
J,o,s,h, ,T,e,a,t,e,r
14.096385,13.021844455625946,1.0745405465102849
B,r,a,d, ,F,r,i,t,s,c,h
13.901218,13.16250482040192,0.7387135939047198
T,o,m,m,y, ,G,a,i,n,e,y
13.999732,15.237690268398142,-1.2379582508810518
J,u,s,t,i,n, ,R,o,s,e
13.574791,13.628903832937409,-0.054112878347565285
T,e,d, ,P,o,t,t,e,r,",", ,J,r,.
13.859698,13.786295936485734,0.07340235910752746
C,a,m,e,r,o,n, ,T,r,i,n,g,a,l,e
13.394098,13.208884134059483,0.18521414780086864
J,u,s,t,i,n, ,B,o,l,l,i
14.03109,13.807378582899723,0.22371119981512066
L,u,k,e, ,G,u,t,h,r,i,e
13.1590395,12.620067934641714,0.5389715627337743
T,i,m, ,H,e,r,r,o,n
14.190695,15.212870469432996,-1.0221756604730352
Z,a,c,h, ,J,o,h,n,s,o,n
13.992705,13.733036146093148,0.2596691990606601
R,i,c,h,a,r,d, ,L,e,e
13.963737,14.92610510512101,-0.962368571002358
H,u,n,t,e,r, ,M,a,h,a,n
13.936799,13.771170925470265,0.16562812390717596
B,o, ,V,a,n, ,P,e,l,t
13.726837,13.002899429806694,0.7239377283964306
B,u,d, ,C,a,u,l,e,y
13.475757,13.827579435191684,-0.3518227899890469
S,c,o,t,t, ,B,r,o,w,n
13.603546,13.144903430998568,0.45864271157955727
S,h,a,w,n, ,S,t,e,f,a,n,i
13.827059,13.387276697958406,0.4397820941558521
E,r,i,k, ,C,o,m,p,t,o,n
13.657264,13.113100610125144,0.5441631456731955
D,i,c,k,y, ,P,r,i,d,e
13.745953,14.215197672236258,-0.46924506603508576
M,a,r,c, ,L,e,i,s,h,m,a,n
13.7346945,12.532981440732563,1.2017130401634333
C,a,m,e,r,o,n, ,P,e,r,c,y
14.197877,14.943126154809839,-0.7452492245730227
K,e,v,i,n, ,S,t,r,e,e,l,m,a,n
13.694907,13.027769141251175,0.667138047164352
R,o,b,e,r,t, ,S,t,r,e,b
13.611699,12.465034976130767,1.1466641281783154
Y,.,E,., ,Y,a,n,g
14.2562065,13.788910903124206,0.4672956093269658
K,.,J,., ,C,h,o,i
14.0424595,13.289036466420947,0.7534230214940916
S,c,o,t,t, ,L,a,n,g,l,e,y
13.999542,13.837594893907802,0.16194734242032283
J,e,f,f, ,M,a,g,g,e,r,t
13.922993,13.847035387472102,0.07595731882672574
B,r,i,a,n, ,S,t,u,a,r,d
13.250317,11.254400819721425,1.9959158001516215
A,n,d,r,e,w, ,S,v,o,b,o,d,a
13.598492,12.878409791529597,0.7200818771715749
S,e,u,n,g,-,Y,u,l, ,N,o,h
13.988175,13.504547576000267,0.48362781615061223
J,u,s,t,i,n, ,H,i,c,k,s
13.681412,12.904100396705847,0.777311346458216
H,e,n,r,i,k, ,N,o,r,l,a,n,d,e,r
13.930802,14.380412350328934,-0.4496100050530547
B,u,b,b,a, ,W,a,t,s,o,n
13.536932,12.299763332845993,1.2371686587311554
S,c,o,t,t, ,G,a,r,d,i,n,e,r
13.183909,11.612327262677807,1.5715821535209233
R,o,d, ,P,a,m,p,l,i,n,g
13.274149,11.82376482566344,1.4503841153765986
J,i,n, ,P,a,r,k
14.458142,13.774098806238086,0.6840434743405268
N,i,c,h,o,l,a,s, ,T,h,o,m,p,s,o,n
13.705924,12.960771077276451,0.7451529568422011
C,a,s,e,y, ,W,i,t,t,e,n,b,e,r,g
13.29477,12.485218386959668,0.8095518538240238
L,u,k,e, ,L,i,s,t
13.889416,13.123958105149828,0.7654576358169685
G,e,o,r,g,e, ,M,c,N,e,i,l,l
13.526375,14.378203321437091,-0.85182850454256
M,a,r,t,i,n, ,L,a,i,r,d
13.598672,12.52261910441536,1.0760528087316121
D,a,v,i,d, ,M,a,t,h,i,s
13.549446,12.409380769010273,1.1400653369467584
T,r,o,y, ,M,a,t,t,e,s,o,n
13.568691,14.592352998269714,-1.0236617446076046
G,r,a,e,m,e, ,M,c,D,o,w,e,l,l
13.451915,12.002327227950946,1.4495875593415342
A,l,i,s,t,a,i,r, ,P,r,e,s,n,e,l,l
13.550364,14.350621101469102,-0.8002575608196878
M,i,c,h,a,e,l, ,T,h,o,m,p,s,o,n
13.254602,13.474770828534723,-0.2201683962837464
P,a,d,r,a,i,g, ,H,a,r,r,i,n,g,t,o,n
14.355098,14.840354662897884,-0.4852568922069658
B,o,o, ,W,e,e,k,l,e,y
13.970321,13.866879299505616,0.10344140209350527
S,t,e,w,a,r,t, ,C,i,n,k
13.405926,14.10133290219303,-0.6954071514606088
D,e,r,e,k, ,E,r,n,s,t
13.973305,14.24043967395203,-0.2671349254168742
J,o,h,n, ,H,u,h
13.705551,13.410584304647786,0.29496684281315133
J,o,h,n, ,S,e,n,d,e,n
13.90094,13.224699724871686,0.6762402165345645
R,i,c,k,y, ,B,a,r,n,e,s
13.510057,13.10370233824838,0.4063551110924397
J,i,m, ,H,e,r,m,a,n
13.505957,14.398386295087114,-0.8924296453068408
A,n,g,e,l, ,C,a,b,r,e,r,a
13.676221,12.958761508798435,0.7174593850614279
R,y,o, ,I,s,h,i,k,a,w,a
13.862785,14.548710317119943,-0.6859249777644738
L,e,e, ,W,e,s,t,w,o,o,d
13.544627,13.004115733834402,0.5405114558018287
R,o,b,e,r,t, ,K,a,r,l,s,s,o,n
13.093251,12.67685097461848,0.41640025371403944
B,o,b,b,y, ,G,a,t,e,s
13.839045,12.999513024554911,0.8395315463679403
G,r,e,g, ,O,w,e,n
13.547555,13.691007996778081,-0.14345302699048368
M,a,r,t,i,n, ,K,a,y,m,e,r
13.263082,12.501030683827633,0.7620508667705117
S,e,a,n, ,O,',H,a,i,r
13.3607855,13.702252270179308,-0.34146678586534307
G,e,o,f,f, ,O,g,i,l,v,y
13.438686,13.72802052098068,-0.28933415013107044
C,h,a,r,l,i,e, ,B,e,l,j,a,n
13.570504,12.239130174452173,1.3313740140854247
W,i,l,l, ,C,l,a,x,t,o,n
13.41406,11.278556645415463,2.1355029935615875
M,i,c,h,a,e,l, ,B,r,a,d,l,e,y
13.611266,13.524906888467807,0.08635924770162617
L,u,c,a,s, ,G,l,o,v,e,r
13.330283,13.594807775548757,-0.26452461057072973
J,o,h,n,s,o,n, ,W,a,g,n,e,r
13.6860695,12.795380375248671,0.8906891132767196
T,r,e,v,o,r, ,I,m,m,e,l,m,a,n
13.75665,14.195960718204299,-0.4393107471959983
K,y,l,e, ,S,t,a,n,l,e,y
13.510532,13.487232854259029,0.02329952489136211
N,i,c,o,l,a,s, ,C,o,l,s,a,e,r,t,s
13.666232,12.64223183353836,1.0240002755314634
V,i,j,a,y, ,S,i,n,g,h
14.014694,15.929364999725575,-1.9146707858583873
R,o,r,y, ,M,c,I,l,r,o,y
14.434113,15.284017885426387,-0.8499053365982618
J,o,r,d,a,n, ,S,p,i,e,t,h
13.985855,15.262236581108585,-1.2763814785695224
D,u,s,t,i,n, ,J,o,h,n,s,o,n
14.31058,15.571127172569206,-1.2605469189681315
J,i,m,m,y, ,W,a,l,k,e,r
14.004194,14.138013534357905,-0.13381927471434985
R,y,o, ,I,s,h,i,k,a,w,a
14.099918,14.417856826672386,-0.3179384611938705
C,h,r,i,s, ,S,t,r,o,u,d
13.903417,15.661912556625333,-1.7584959230193764
B,u,b,b,a, ,W,a,t,s,o,n
13.503599,14.507397444687467,-1.0037982778173493
C,h,a,r,l, ,S,c,h,w,a,r,t,z,e,l
13.884643,14.676374834116288,-0.7917322331031045
J,.,B,., ,H,o,l,m,e,s
14.489846,15.038328472489646,-0.5484822429364229
B,r,e,n,d,o,n, ,T,o,d,d
13.7350645,14.472073626481421,-0.7370091199506597
M,a,t,t, ,J,o,n,e,s
13.612895,13.756352734872427,-0.14345772297057202
A,a,r,o,n, ,B,a,d,d,e,l,e,y
14.190557,14.458305580076642,-0.26774905389256
F,r,e,d,d,i,e, ,J,a,c,o,b,s,o,n
13.971383,14.33302198187598,-0.36163888708838243
K,.,J,., ,C,h,o,i
13.864345,14.546620930559918,-0.6822763336971249
G,r,a,e,m,e, ,M,c,D,o,w,e,l,l
13.743687,13.269021486467329,0.4746651895580616
G,r,e,g, ,C,h,a,l,m,e,r,s
13.70187,13.99814956436577,-0.2962795997661605
J,a,s,o,n, ,K,o,k,r,a,k
14.157742,14.20618008258469,-0.04843853595382974
S,t,u,a,r,t, ,A,p,p,l,e,b,y
13.795991,13.690926447338688,0.10506449657000339
T,r,o,y, ,M,e,r,r,i,t,t
13.615629,14.295893262772692,-0.6802640666056998
I,a,n, ,P,o,u,l,t,e,r
14.059091,14.432063370155415,-0.3729727558365674
B,r,i,a,n, ,S,t,u,a,r,d
14.25712,14.282962183617157,-0.025842051170867464
M,o,r,g,a,n, ,H,o,f,f,m,a,n,n
13.701137,13.857721028105967,-0.1565844390556741
B,r,o,o,k,s, ,K,o,e,p,k,a
14.487013,14.110722459960625,0.37629040319855456
K,e,v,i,n, ,C,h,a,p,p,e,l,l
13.856626,14.584700765821964,-0.7280752088761631
P,h,i,l, ,M,i,c,k,e,l,s,o,n
14.280076,14.963898873885418,-0.6838228469689138
K,e,v,i,n, ,N,a
13.883657,13.685365425483816,0.19829202996051976
P,a,u,l, ,C,a,s,e,y
14.181328,14.94635186707382,-0.7650240472496019
R,y,a,n, ,M,o,o,r,e
13.333058,14.016902447848652,-0.6838440906098828
L,e,e, ,W,e,s,t,w,o,o,d
14.185096,14.541290936178903,-0.3561951491305635
T,i,m, ,C,l,a,r,k
14.727996,14.696933616445007,0.031062256052551973
B,r,i,a,n, ,H,a,r,m,a,n
14.239341,15.362118355769674,-1.1227775736041465
M,a,t,t, ,K,u,c,h,a,r
14.059807,14.754993069425101,-0.6951862456946323
M,a,r,c, ,L,e,i,s,h,m,a,n
14.095285,14.317726625636771,-0.22244120998735717
B,r,a,n,d,t, ,S,n,e,d,e,k,e,r
14.08906,14.059034608790034,0.03002522092188009
W,i,l,l,i,a,m, ,M,c,G,i,r,t
13.879991,15.183326998975847,-1.3033364212780931
J,u,s,t,i,n, ,R,o,s,e
13.706559,13.602254216699276,0.1043049645141032
J,u,s,t,i,n, ,L,e,o,n,a,r,d
13.504746,14.188066036072854,-0.6833195990001002
L,u,k,e, ,D,o,n,a,l,d
13.640371,15.326792384843131,-1.686421062211295
M,a,r,t,i,n, ,K,a,y,m,e,r
14.479176,15.395473726623818,-0.9162981589968648
C,h,r,i,s, ,K,i,r,k
14.007833,14.20946635397259,-0.2016338268119462
B,e,n, ,M,a,r,t,i,n
13.6624,13.484378039638546,0.1780222060279577
S,a,n,g,m,o,o,n, ,B,a,e
14.486842,15.025490383954715,-0.5386482284981717
Z,a,c,h, ,J,o,h,n,s,o,n
14.097285,14.515810595737792,-0.4185253250468737
G,e,o,r,g,e, ,M,c,N,e,i,l,l
13.797938,14.561246867954765,-0.7633085210919717
K,e,v,i,n, ,S,t,r,e,e,l,m,a,n
14.423004,14.311501083804584,0.11150306658604059
C,a,m,i,l,o, ,V,i,l,l,e,g,a,s
13.939694,14.401152146055514,-0.4614577414534633
E,r,i,k, ,C,o,m,p,t,o,n
14.034586,13.76893977913619,0.26564617362259924
K,e,v,i,n, ,K,i,s,n,e,r
13.987255,13.627498842881913,0.35975625355363405
B,r,y,c,e, ,M,o,l,d,e,r
14.206172,14.181350177675377,0.024821811765541213
S,c,o,t,t, ,B,r,o,w,n
13.5459585,12.920083165142433,0.6258753538395005
C,h,a,d, ,C,o,l,l,i,n,s
13.939731,14.243801822469472,-0.30407117824339736
B,e,n, ,C,r,a,n,e
14.0457,15.079524284375331,-1.033824211133144
W,e,b,b, ,S,i,m,p,s,o,n
13.826129,14.40305774975055,-0.5769287900947884
E,r,n,i,e, ,E,l,s
14.059714,14.747820297677317,-0.6881059803555392
M,a,t,t, ,E,v,e,r,y
13.644749,13.103361989030496,0.5413866987136444
T,o,m,m,y, ,G,a,i,n,e,y
13.9333935,14.077931743888632,-0.1445382654950773
R,o,b,e,r,t, ,S,t,r,e,b
13.445761,14.109818381567434,-0.6640576546387233
J,o,n,a,s, ,B,l,i,x,t
14.10985,14.855305528158938,-0.745455598349368
K,e,e,g,a,n, ,B,r,a,d,l,e,y
14.091635,14.227316851524666,-0.13568210115845503
D,a,n,i,e,l, ,S,u,m,m,e,r,h,a,y,s
13.648822,13.025006304142195,0.6238155266073164
W,e,s, ,R,o,a,c,h
13.870192,13.745409930284785,0.12478164381189494
M,i,c,h,a,e,l, ,T,h,o,m,p,s,o,n
13.959314,13.644175230938455,0.3151391153750218
B,r,i,a,n, ,D,a,v,i,s
13.762664,13.424924210084578,0.33773963116298056
D,a,v,i,d, ,L,i,n,g,m,e,r,t,h
14.020878,14.089408058245438,-0.06853022011067189
P,a,t, ,P,e,r,e,z
14.256178,14.865172069565391,-0.6089941673437114
J,o,h,n, ,S,e,n,d,e,n
13.761106,13.594058075985977,0.16704746142857374
D,a,v,i,d, ,T,o,m,s
14.34403,14.507178645204803,-0.1631482649557796
C,h,a,r,l,e,s, ,H,o,w,e,l,l, ,I,I,I
13.610407,13.334960308119971,0.27544656749038054
R,i,c,h,a,r,d, ,L,e,e
13.493391,13.241248028282014,0.25214300870529094
A,n,d,r,e,w, ,L,o,u,p,e
13.861576,14.432760011868824,-0.5711839315465586
W,i,l,l, ,M,a,c,K,e,n,z,i,e
13.640897,13.332646993067701,0.3082498041124744
J,o,n,a,t,h,a,n, ,B,y,r,d
14.17076,14.122913636734275,0.047846517989846404
B,r,e,n,d,a,n, ,S,t,e,e,l,e
14.386186,14.5901096067107,-0.20392396065357055
C,a,m,e,r,o,n, ,T,r,i,n,g,a,l,e
13.464794,13.65816996242812,-0.19337580349257344
M,i,k,e, ,W,e,i,r
14.035838,14.821331890916671,-0.7854937637804404
G,a,r,y, ,W,o,o,d,l,a,n,d
13.642798,14.440678103539746,-0.797879679772656
A,n,g,e,l, ,C,a,b,r,e,r,a
13.487222,15.147764169685727,-1.6605424518512546
J,a,s,o,n, ,D,a,y
13.829229,13.568706798446836,0.2605225564115621
D,a,n,n,y, ,L,e,e
14.190805,14.564675529879377,-0.373870094698713
S,e,u,n,g,-,Y,u,l, ,N,o,h
13.501361,13.346330589416915,0.15503030383259642
B,e,n, ,C,u,r,t,i,s
13.5093,13.25056484115995,0.25873539077364427
B,r,a,d, ,F,r,i,t,s,c,h
14.031043,13.333926534032903,0.6971165186404367
B,r,i,c,e, ,G,a,r,n,e,t,t
13.39347,14.454325621060933,-1.0608558105750934
H,e,n,r,i,k, ,S,t,e,n,s,o,n
13.772321,13.313591816557942,0.4587289308175464
B,r,i,a,n, ,G,a,y
13.922275,14.946261812532661,-1.0239872229940872
H,u,n,t,e,r, ,M,a,h,a,n
14.32902,13.973705904231918,0.35531364227687057
B,r,e,n,d,o,n, ,d,e, ,J,o,n,g,e
13.9793215,13.906697704280973,0.07262377551639077
R,o,b,e,r,t, ,G,a,r,r,i,g,u,s
14.457745,14.230021297379315,0.22772330100935712
R,u,s,s,e,l,l, ,K,n,o,x
13.88205,13.739160690023754,0.14288887052312127
G,o,n,z,a,l,o, ,F,e,r,n,a,n,d,e,z,-,C,a,s,t,a,n,o
13.712473,12.447154341975397,1.2653185736740173
Y,.,E,., ,Y,a,n,g
13.518119,14.317188468693226,-0.7990696103558239
J,a,s,o,n, ,D,u,f,n,e,r
13.652059,13.330893470366416,0.32116513101297883
R,o,b,e,r,t,o, ,C,a,s,t,r,o
14.337778,15.605166984013094,-1.2673888925824297
J,i,m, ,F,u,r,y,k
14.096287,13.95117629625175,0.14511047742989014
B,i,l,l,y, ,H,u,r,l,e,y, ,I,I,I
13.567187,14.12977954524347,-0.5625922359783324
S,h,a,w,n, ,S,t,e,f,a,n,i
14.25857,14.777354602002415,-0.5187848845951883
G,r,a,h,a,m, ,D,e,L,a,e,t
14.001803,13.85034280973756,0.15146058839476417
M,a,r,t,i,n, ,F,l,o,r,e,s
13.896444,13.47674709849555,0.4196972221831601
C,h,a,r,l,i,e, ,B,e,l,j,a,n
13.428291,12.53458471247021,0.8937066083305716
S,p,e,n,c,e,r, ,L,e,v,i,n
14.113571,14.114424070990685,-8.529039984974673E-4
C,a,r,l, ,P,e,t,t,e,r,s,s,o,n
14.317021,13.797568558625834,0.5194528113082484
B,o, ,V,a,n, ,P,e,l,t
14.002843,15.387202157782236,-1.3843592546450285
B,i,l,l,y, ,H,o,r,s,c,h,e,l
13.667656,12.860466003926275,0.8071899408979437
C,h,a,r,l,i,e, ,W,i
13.467017,12.631154089073462,0.8358630846936279
J,a,m,i,e, ,L,o,v,e,m,a,r,k
13.8058,13.970865084306023,-0.16506464637877727
A,n,d,r,e,w, ,S,v,o,b,o,d,a
14.154563,13.724925895295849,0.4296370548384285
N,i,c,k, ,W,a,t,n,e,y
13.477209,12.587323609896822,0.889885481289701
W,o,o,d,y, ,A,u,s,t,i,n
13.775528,12.920964194437355,0.8545637596642077
S,e,a,n, ,O,',H,a,i,r
13.832047,13.839944600542935,-0.007897138079556498
R,o,r,y, ,S,a,b,b,a,t,i,n,i
13.829794,12.559542458519958,1.2702514715337525
D,a,v,i,s, ,L,o,v,e, ,I,I,I
13.799162,14.408634067653601,-0.6094721566428589
G,e,o,f,f, ,O,g,i,l,v,y
14.003263,13.029346366277741,0.9739171072330013
K,e,n, ,D,u,k,e
14.267911,14.249926516558467,0.017984440777958355
J,u,s,t,i,n, ,H,i,c,k,s
13.82252,12.864473089760285,0.9580471662821957
T,e,d, ,P,o,t,t,e,r,",", ,J,r,.
13.590255,13.381470033931706,0.20878474969866545
B,u,d, ,C,a,u,l,e,y
13.577384,12.883415594545152,0.6939684005110003
J,o,h,n,s,o,n, ,W,a,g,n,e,r
13.38379,13.281344656790356,0.10244535938396027
W,i,l,l,y, ,W,i,l,c,o,x
13.423804,12.86823470714234,0.5555695759997494
T,r,o,y, ,M,a,t,t,e,s,o,n
13.856551,14.141707325166218,-0.28515615481709666
S,c,o,t,t, ,S,t,a,l,l,i,n,g,s
13.963853,12.811044135186394,1.1528087471988595
J,o,s,h, ,T,e,a,t,e,r
13.669943,13.011467570247826,0.6584752855871354
T,r,e,v,o,r, ,I,m,m,e,l,m,a,n
13.480052,13.277077327136734,0.20297466718699653
M,a,r,t,i,n, ,L,a,i,r,d
13.506899,12.140659074981848,1.366239805023035
J,i,m, ,H,e,r,m,a,n
13.641695,12.806698753108705,0.8349962694743027
D,.,A,., ,P,o,i,n,t,s
13.858666,13.246642600404405,0.6120238195785053
H,e,a,t,h, ,S,l,o,c,u,m
13.836749,13.507978097075767,0.32877097976749425
J,a,m,e,s, ,H,a,h,n
13.063308,11.839650350136562,1.223657412009434
D,.,H,., ,L,e,e
13.569597,13.546294271922532,0.02330297234016321
J,i,m, ,R,e,n,n,e,r
13.83079,13.062182282215415,0.7686072838246236
C,h,a,d, ,C,a,m,p,b,e,l,l
14.15972,13.615592690167363,0.5441277306700396
M,i,c,h,a,e,l, ,P,u,t,n,a,m
13.699939,13.149750892067324,0.5501878820415627
H,u,d,s,o,n, ,S,w,a,f,f,o,r,d
13.4610195,12.794292549903853,0.6667269660873583
J,e,f,f, ,M,a,g,g,e,r,t
13.624344,13.530175063476948,0.09416880859336452
J,h,o,n,a,t,t,a,n, ,V,e,g,a,s
13.277864,13.331513475450192,-0.05364901927343446
B,r,i,n,y, ,B,a,i,r,d
13.821605,13.226027655263884,0.5955770734348462
J,.,J,., ,H,e,n,r,y
14.05214,13.150538698805594,0.901601537095285
R,o,b,e,r,t, ,A,l,l,e,n,b,y
13.431141,12.630205750556748,0.8009351491014556
D,e,r,e,k, ,E,r,n,s,t
13.5568,12.38098767492441,1.175812213686429
J,o,h,n, ,P,e,t,e,r,s,o,n
13.861334,13.477765311409637,0.38356853563626103
N,i,c,h,o,l,a,s, ,T,h,o,m,p,s,o,n
13.527908,11.953191275952008,1.5747170492433042
M,a,r,k, ,W,i,l,s,o,n
13.694787,13.632396287055492,0.06239073839616793
B,o,o, ,W,e,e,k,l,e,y
13.730555,12.255652973628324,1.4749016070601524
L,u,c,a,s, ,G,l,o,v,e,r
14.603229,16.302952657448113,-1.6997240884173515
J,o,r,d,a,n, ,S,p,i,e,t,h
13.926378,16.05657443982578,-2.1301961897037103
J,a,s,o,n, ,D,a,y
14.393679,14.306514626254948,0.08716403890618452
D,a,n,i,e,l, ,S,u,m,m,e,r,h,a,y,s
14.139735,15.211118908901453,-1.0713836870386597
J,.,B,., ,H,o,l,m,e,s
13.797677,14.50643176287768,-0.7087547227775826
M,a,t,t, ,J,o,n,e,s
15.058925,15.19325144217611,-0.13432676718831615
D,a,n,n,y, ,L,e,e
14.407413,15.093820408204534,-0.686407879212835
P,a,t,r,i,c,k, ,R,e,e,d
14.262278,14.835861800856275,-0.573584197706861
M,a,t,t, ,K,u,c,h,a,r
13.933481,15.56877691593924,-1.6352956995085766
R,i,c,k,i,e, ,F,o,w,l,e,r
14.238192,15.384436219569256,-1.1462446149549983
Z,a,c,h, ,J,o,h,n,s,o,n
13.58214,14.582929518689248,-1.0007895498171777
P,h,i,l, ,M,i,c,k,e,l,s,o,n
14.063116,14.787162200247723,-0.7240461266393243
R,y,a,n, ,M,o,o,r,e
14.408371,14.278403339954945,0.12996763172474246
P,a,t, ,P,e,r,e,z
14.318736,14.852518682721199,-0.5337826063662181
K,e,v,i,n, ,N,a
14.324377,15.12331756372288,-0.7989405037863566
B,r,a,n,d,t, ,S,n,e,d,e,k,e,r
14.489958,15.139561894610358,-0.6496040851621157
H,i,d,e,k,i, ,M,a,t,s,u,y,a,m,a
13.896853,13.328489347578445,0.5683640993820038
R,i,c,k,y, ,B,a,r,n,e,s
14.385368,13.942608298964371,0.4427600482035974
C,h,e,s,s,o,n, ,H,a,d,l,e,y
13.698798,12.994359536819962,0.7044386428065028
A,a,r,o,n, ,B,a,d,d,e,l,e,y
13.82657,14.32371214194724,-0.4971425847572988
S,e,a,n, ,O,',H,a,i,r
13.327575,14.797674794488847,-1.4701000645694133
S,e,r,g,i,o, ,G,a,r,c,i,a
14.293023,13.654219110096703,0.6388039993393324
R,y,o, ,I,s,h,i,k,a,w,a
13.966092,13.788162999121035,0.17792911055914118
S,t,e,v,e, ,W,h,e,a,t,c,r,o,f,t
14.099721,13.262384416645778,0.8373365382492413
L,u,k,e, ,G,u,t,h,r,i,e
14.398435,14.412720462135926,-0.014285823158875388
D,a,v,i,d, ,H,e,a,r,n
14.345528,13.4449076399709,0.9006200089548813
T,o,m, ,H,o,g,e
14.205354,13.968701062685202,0.23665267419223923
B,r,y,c,e, ,M,o,l,d,e,r
14.465021,15.188573772235022,-0.7235526388121709
R,o,b,e,r,t, ,S,t,r,e,b
13.840798,13.464054827348203,0.3767435506425194
J,o,n,a,s, ,B,l,i,x,t
14.297867,14.822145706076393,-0.5242788847873303
D,a,v,i,d, ,L,i,n,g,m,e,r,t,h
14.270208,13.965438046947225,0.304770311817423
S,c,o,t,t, ,B,r,o,w,n
13.307569,12.581133527459999,0.7264350226498646
G,r,e,g, ,C,h,a,l,m,e,r,s
13.5897455,13.853086650238954,-0.2633411286935434
P,a,t,r,i,c,k, ,R,o,d,g,e,r,s
14.425972,13.440248219463436,0.985723765399845
B,r,i,a,n, ,S,t,u,a,r,d
14.514108,14.93894845850804,-0.42484075434544266
S,t,e,v,e,n, ,B,o,w,d,i,t,c,h
14.224881,13.23857006015795,0.986311112022225
J,e,f,f, ,O,v,e,r,t,o,n
14.169507,13.885372385133191,0.2841346415391719
N,i,c,k, ,T,a,y,l,o,r
14.245556,14.555152412928935,-0.30959653524338826
T,o,n,y, ,F,i,n,a,u
13.980083,14.562564789073113,-0.5824813234969408
R,u,s,s,e,l,l, ,H,e,n,l,e,y
14.461346,14.28234291403459,0.17900275857283177
B,r,e,n,d,o,n, ,d,e, ,J,o,n,g,e
14.469386,13.774053987143061,0.695332113625982
H,u,d,s,o,n, ,S,w,a,f,f,o,r,d
14.087757,13.737911113091839,0.3498459975038646
A,n,d,r,e,s, ,G,o,n,z,a,l,e,s
14.013533,13.535792686899828,0.4777399516499763
W,h,e,e, ,K,i,m
14.229009,14.063581621107136,0.16542705351444553
K,e,v,i,n, ,C,h,a,p,p,e,l,l
14.274192,14.837970838141072,-0.5637789817567942
S,c,o,t,t, ,P,i,e,r,c,y
13.647498,12.552770988270675,1.094727142527665
A,n,d,r,e,w, ,P,u,t,n,a,m
14.1859455,14.770880454512659,-0.5849349436484008
S,a,n,g,m,o,o,n, ,B,a,e
13.726816,13.014475225519398,0.7123409518487662
K,.,J,., ,C,h,o,i
14.507479,14.494400079437497,0.013078634551760615
H,a,r,r,i,s, ,E,n,g,l,i,s,h
14.483713,13.986739148011905,0.4969740020125091
C,a,r,l, ,P,e,t,t,e,r,s,s,o,n
14.1361475,13.52357009810398,0.6125774009804932
C,h,r,i,s, ,S,t,r,o,u,d
13.701204,13.517737744802323,0.18346655512443455
D,a,v,i,d, ,T,o,m,s
13.7717905,13.085747109736602,0.6860433947189648
D,e,r,e,k, ,F,a,t,h,a,u,e,r
14.303296,14.540535209797206,-0.23723912062484231
J,a,m,e,s, ,H,a,h,n
14.020973,13.42772228985492,0.5932509157114865
J,o,h,n, ,H,u,h
13.420389,13.333032647380387,0.08735652803465221
A,n,d,r,e,s, ,R,o,m,e,r,o
14.085364,14.38053114220996,-0.2951668004741208
B,r,e,n,d,a,n, ,S,t,e,e,l,e
13.854026,12.375228750169807,1.4787970905894703
S,t,e,v,e,n, ,A,l,k,e,r
14.290157,14.020241635271313,0.2699156828439211
A,l,e,x, ,C,e,j,k,a
13.416265,12.477911118383142,0.9383534156134399
O,s,c,a,r, ,F,r,a,u,s,t,r,o
14.06615,13.778987642480173,0.2871620691287138
C,a,r,l,o,s, ,O,r,t,i,z
13.466088,13.760661475564675,-0.2945731805817644
L,e,e, ,W,e,s,t,w,o,o,d
14.552454,13.820195566154533,0.7322584285964435
W,i,l,l,i,a,m, ,M,c,G,i,r,t
14.032119,13.55204228430284,0.4800765129994069
B,l,a,y,n,e, ,B,a,r,b,e,r
14.224109,13.525023221101716,0.6990854748821711
C,h,a,d, ,C,o,l,l,i,n,s
14.050827,13.911952823989834,0.13887420237735348
J,a,s,o,n, ,G,o,r,e
13.754312,13.971061970592844,-0.2167504090083714
W,i,l,l,y, ,W,i,l,c,o,x
13.842547,13.803790141433383,0.038757275253628265
G,r,a,h,a,m, ,D,e,L,a,e,t
13.931164,13.933282926897101,-0.0021191390553045863
M,a,r,t,i,n, ,L,a,i,r,d
14.155481,14.553950364861311,-0.39846902636033477
T,r,o,y, ,M,e,r,r,i,t,t
14.060883,14.046136446644553,0.014746121714821925
S,c,o,t,t, ,P,i,n,c,k,n,e,y
14.209775,13.410821148923782,0.7989538220845187
N,i,c,h,o,l,a,s, ,T,h,o,m,p,s,o,n
14.366651,14.034385813048534,0.33226476831132956
Z,a,c, ,B,l,a,i,r
14.475181,15.087498395849446,-0.6123177699339184
K,e,v,i,n, ,K,i,s,n,e,r
13.619868,14.382111038896934,-0.7622427603935158
M,a,r,c, ,L,e,i,s,h,m,a,n
14.195796,13.75108936327702,0.4447066496013985
A,d,a,m, ,H,a,d,w,i,n
13.834143,13.475282476981562,0.35886020795496165
S,e,u,n,g,-,Y,u,l, ,N,o,h
13.784137,13.263763976447995,0.5203727957077664
C,a,m,e,r,o,n, ,P,e,r,c,y
13.971767,13.848451014602713,0.12331641093439671
J,a,s,o,n, ,K,o,k,r,a,k
14.139654,14.815150770261365,-0.6754966107154665
B,e,n, ,M,a,r,t,i,n
14.029267,14.495836901708051,-0.46656959061185965
R,y,a,n, ,P,a,l,m,e,r
14.156485,14.238018934281017,-0.08153433039918134
R,o,r,y, ,S,a,b,b,a,t,i,n,i
13.940981,13.394729761178306,0.5462511500765768
B,r,i,a,n, ,D,a,v,i,s
13.814166,13.304408229252333,0.5097578397784286
M,i,c,h,a,e,l, ,T,h,o,m,p,s,o,n
14.05479,13.863870153261756,0.19091938989009982
J,o,n, ,C,u,r,r,a,n
13.453852,12.047586748881855,1.4062649509472465
E,r,i,c, ,A,x,l,e,y
14.708436,14.466097254539829,0.24233875772823765
R,u,s,s,e,l,l, ,K,n,o,x
13.726216,14.296684689193107,-0.5704683729699624
H,u,n,t,e,r, ,M,a,h,a,n
13.871244,14.994526412265778,-1.1232819817237853
L,o,u,i,s, ,O,o,s,t,h,u,i,z,e,n
13.758003,12.945537889515855,0.8124653453474266
A,n,d,r,e,w, ,S,v,o,b,o,d,a
13.811241,12.033105202283206,1.7781359476191376
T,y,r,o,n,e, ,V,a,n, ,A,s,w,e,g,e,n
13.794226,12.053236101847645,1.7409895909013784
T,i,m, ,W,i,l,k,i,n,s,o,n
14.188338,13.65515869045531,0.5331795892688103
M,a,r,k, ,W,i,l,s,o,n
14.338246,14.36586761583556,-0.027621270315540514
N,i,c,k, ,W,a,t,n,e,y
14.327546,14.923710405421096,-0.5961642857311542
D,a,n,i,e,l, ,B,e,r,g,e,r
13.685099,12.84881823927633,0.8362804087949591
M,a,x, ,H,o,m,a
14.180586,13.98036969703432,0.20021616417173504
K,y,l,e, ,R,e,i,f,e,r,s
14.094887,13.290332427973883,0.804554351811273
B,i,l,l,y, ,H,u,r,l,e,y, ,I,I,I
14.053009,14.263446859915584,-0.21043782671245914
K,e,e,g,a,n, ,B,r,a,d,l,e,y
14.048895,14.423733636205865,-0.3748387540037168
C,a,m,e,r,o,n, ,T,r,i,n,g,a,l,e
13.90222,13.939195255615246,-0.036975483276378895
J,o,h,n,s,o,n, ,W,a,g,n,e,r
14.087934,14.238012380251895,-0.1500788399076569
K,e,v,i,n, ,S,t,r,e,e,l,m,a,n
14.080814,14.36695015461552,-0.286135793043254
B,i,l,l,y, ,H,o,r,s,c,h,e,l
13.661876,12.453190502733769,1.2086852220587119
J,o,n,a,t,h,a,n, ,R,a,n,d,o,l,p,h
13.937755,12.591263615198248,1.346491015844233
M,a,r,k, ,H,u,b,b,a,r,d
13.621576,15.374721975199222,-1.7531456659951203
H,e,n,r,i,k, ,S,t,e,n,s,o,n
14.158668,14.044525638067068,0.11414192632502207
C,h,a,r,l,e,s, ,H,o,w,e,l,l, ,I,I,I
13.528992,14.235414916534449,-0.7064232173156988
M,a,t,t, ,E,v,e,r,y
13.904612,12.877773999481112,1.0268375880433016
J,o,h,n, ,M,e,r,r,i,c,k
13.980576,13.5664182304164,0.4141573311070381
J,o,h,n, ,P,e,t,e,r,s,o,n
13.603158,12.099166491544166,1.503991505587182
R,o,b,e,r,t,o, ,C,a,s,t,r,o
13.7107315,12.65092511957094,1.0598063867767156
G,o,n,z,a,l,o, ,F,e,r,n,a,n,d,e,z,-,C,a,s,t,a,n,o
14.165696,13.271834553986176,0.8938615901178277
B,o, ,V,a,n, ,P,e,l,t
13.741977,13.841804814067896,-0.09982807609182132
L,u,k,e, ,D,o,n,a,l,d
14.141822,15.132632745809323,-0.990810884542233
J,i,m, ,F,u,r,y,k
14.060312,14.531523805947364,-0.47121153482919986
W,e,b,b, ,S,i,m,p,s,o,n
13.661347,13.009711902738427,0.651635486482764
J,o,n,a,t,h,a,n, ,B,y,r,d
13.977845,13.363540148398677,0.6143050435568895
A,l,e,x, ,P,r,u,g,h
14.323996,13.63721727676274,0.6867783134472205
S,p,e,n,c,e,r, ,L,e,v,i,n
13.761578,13.00884747457322,0.7527301316279527
J,h,o,n,a,t,t,a,n, ,V,e,g,a,s
13.500877,12.222206787448728,1.2786705929223654
B,e,n, ,C,r,a,n,e
13.664791,14.772974710601249,-1.1081836034235142
G,a,r,y, ,W,o,o,d,l,a,n,d
13.562458,12.443903803916223,1.118554234413855
R,o,b,e,r,t, ,G,a,r,r,i,g,u,s
14.021295,13.015388225589499,1.0059063682215363
M,a,r,t,i,n, ,F,l,o,r,e,s
13.456914,11.715703030331566,1.741210917727516
H,e,a,t,h, ,S,l,o,c,u,m
14.256455,13.451169158855974,0.80528626259178
S,t,e,w,a,r,t, ,C,i,n,k
13.434416,14.101329145205504,-0.6669133279447621
P,a,d,r,a,i,g, ,H,a,r,r,i,n,g,t,o,n
13.803155,12.875457218411087,0.9276977269624478
D,.,A,., ,P,o,i,n,t,s
13.996103,14.93523931634186,-0.9391360295986964
B,i,l,l, ,H,a,a,s
13.810311,13.981696804626491,-0.17138548718264346
G,r,e,g, ,O,w,e,n
14.091102,13.231761132432844,0.8593405139904959
M,i,c,h,a,e,l, ,P,u,t,n,a,m
13.543785,14.139305635026172,-0.5955205398113286
A,d,a,m, ,S,c,o,t,t
13.590737,11.94425323260412,1.646484110230352
B,y,r,o,n, ,S,m,i,t,h
13.875012,13.570307985611112,0.3047044121550009
C,h,a,r,l,i,e, ,B,e,l,j,a,n
14.377969,14.008423329310471,0.3695454588365017
J,i,m, ,H,e,r,m,a,n
14.032586,13.86060055160493,0.17198554611235473
J,.,J,., ,H,e,n,r,y
13.48449,14.049472182346335,-0.56498178775405
D,a,v,i,s, ,L,o,v,e, ,I,I,I
13.443841,13.024924734027676,0.4189162465021088
E,r,n,i,e, ,E,l,s
13.444764,11.765915155881427,1.6788489813866398
B,i,l,l, ,L,u,n,d,e
13.615901,12.676373105717246,0.9395278876299216
D,e,r,e,k, ,E,r,n,s,t
13.815341,13.299843232052167,0.5154977637364073
S,u,n,g, ,J,o,o,n, ,P,a,r,k
13.753532,12.51314181778207,1.2403905918858982
R,o,b,e,r,t, ,A,l,l,e,n,b,y
13.023873,13.390747944964126,-0.36687461580152814
G,e,o,f,f, ,O,g,i,l,v,y
14.239963,13.152390031351244,1.0875725464685804
L,u,c,a,s, ,G,l,o,v,e,r
14.500903,16.052509541291446,-1.5516064117138093
D,u,s,t,i,n, ,J,o,h,n,s,o,n
13.804294,15.90057513570312,-2.0962815031957955
J,a,s,o,n, ,D,a,y
14.324292,15.046423106724156,-0.7221309238017923
K,e,v,i,n, ,K,i,s,n,e,r
13.640568,13.92465281381998,-0.2840850342789647
J,o,n,a,s, ,B,l,i,x,t
14.254876,13.881119443557374,0.37375669322241123
A,d,a,m, ,H,a,d,w,i,n
13.904073,15.207445729755499,-1.303372968219854
P,h,i,l, ,M,i,c,k,e,l,s,o,n
13.529258,12.965571546138555,0.5636862282144719
L,u,k,e, ,G,u,t,h,r,i,e
14.2834015,13.962894681915275,0.32050680734253767
R,i,c,k,y, ,B,a,r,n,e,s
13.820997,13.888087000782578,-0.06708976262339839
A,n,d,r,e,w, ,L,o,u,p,e
14.044466,14.118717739810059,-0.07425172113330092
F,r,e,d,d,i,e, ,J,a,c,o,b,s,o,n
13.940703,14.531381585097694,-0.5906781930688858
D,a,n,i,e,l, ,S,u,m,m,e,r,h,a,y,s
13.917401,14.118118680632652,-0.20071736685091324
B,r,y,c,e, ,M,o,l,d,e,r
14.19821,15.12412279803239,-0.925913035459148
R,y,a,n, ,M,o,o,r,e
13.896542,15.016195563397877,-1.119653967938893
B,r,o,o,k,s, ,K,o,e,p,k,a
14.154767,14.313198661179722,-0.1584316247417341
A,a,r,o,n, ,B,a,d,d,e,l,e,y
13.8984165,15.571743880714788,-1.6733273615497488
R,o,r,y, ,M,c,I,l,r,o,y
13.778266,13.122791285838455,0.6554746672255103
S,t,u,a,r,t, ,A,p,p,l,e,b,y
13.380425,13.522125588195491,-0.14170013500945622
R,e,t,i,e,f, ,G,o,o,s,e,n
14.35812,15.051356959054655,-0.6932369944550452
K,e,v,i,n, ,N,a
14.384673,14.458669381808713,-0.07399626321740449
J,o,n, ,C,u,r,r,a,n
13.822508,13.735065936200757,0.08744192207561063
T,r,o,y, ,M,e,r,r,i,t,t
14.14339,15.19179018865739,-1.0484004868141277
B,r,a,n,d,t, ,S,n,e,d,e,k,e,r
14.084767,14.347733419312343,-0.2629660776985734
S,e,a,n, ,O,',H,a,i,r
14.30769,15.552386787884693,-1.244697121136646
P,a,t,r,i,c,k, ,R,e,e,d
14.192169,13.708404074546976,0.4837651149061486
D,e,r,e,k, ,F,a,t,h,a,u,e,r
14.305408,13.980924143898774,0.324483380210113
S,p,e,n,c,e,r, ,L,e,v,i,n
14.051563,14.735065157622335,-0.6835018946828821
S,m,y,l,i,e, ,K,a,u,f,m,a,n
13.968934,14.07706218463879,-0.10812812549572293
P,e,t,e,r, ,M,a,l,n,a,t,i
14.52928,14.007381375094358,0.5218983337679468
D,a,v,i,d, ,H,e,a,r,n
14.046083,14.496059209286946,-0.449975758969563
C,h,a,r,l,e,s, ,H,o,w,e,l,l, ,I,I,I
14.199973,15.006630314627916,-0.8066572082436387
D,a,n,i,e,l, ,B,e,r,g,e,r
13.800663,13.317750868560594,0.4829121258241713
B,e,n, ,C,r,a,n,e
13.651925,13.484071632950911,0.16785345402418628
M,o,r,g,a,n, ,H,o,f,f,m,a,n,n
14.226357,14.357079912734317,-0.1307224527123445
Z,a,c,h, ,J,o,h,n,s,o,n
13.830389,13.877607037243358,-0.04721801441620954
C,a,m,e,r,o,n, ,T,r,i,n,g,a,l,e
13.51279,12.742849601561563,0.7699401246957613
W,e,s, ,R,o,a,c,h
13.991255,15.238268469370187,-1.2470136628516322
J,i,m,m,y, ,W,a,l,k,e,r
14.048565,13.471077518066753,0.5774873928219186
T,i,m, ,W,i,l,k,i,n,s,o,n
14.500692,14.24701826133496,0.2536741062187513
K,y,l,e, ,R,e,i,f,e,r,s
13.768175,13.425190187182563,0.3429849379395069
W,i,l,l,y, ,W,i,l,c,o,x
14.1246195,14.199836465960628,-0.07521698201287386
P,a,t,t,o,n, ,K,i,z,z,i,r,e
13.925068,13.40258418370964,0.5224837179016877
S,e,u,n,g,-,Y,u,l, ,N,o,h
14.251081,15.319821260855893,-1.0687397941810879
K,e,v,i,n, ,C,h,a,p,p,e,l,l
14.3197565,14.739997211327964,-0.42024070345442865
R,o,b,e,r,t,o, ,C,a,s,t,r,o
13.955248,14.099521148768204,-0.14427326973988386
K,.,J,., ,C,h,o,i
14.196181,13.406847341354414,0.7893339559478321
M,i,c,h,a,e,l, ,K,i,m
14.395674,15.683163986853796,-1.2874902350227408
A,d,a,m, ,S,c,o,t,t
13.794324,13.476846721541671,0.3174771996619423
M,a,t,t, ,J,o,n,e,s
13.907179,14.438118314598464,-0.5309394358142843
D,a,v,i,d, ,L,i,n,g,m,e,r,t,h
14.238215,15.100594668040165,-0.8623792215679966
W,i,l,l,i,a,m, ,M,c,G,i,r,t
14.0225115,13.351498543094094,0.671012939144676
N,i,c,k, ,T,a,y,l,o,r
13.900825,13.949561440630475,-0.048736893816510474
S,c,o,t,t, ,B,r,o,w,n
14.156583,13.373809796974001,0.7827730353624247
M,a,r,k, ,H,u,b,b,a,r,d
14.139611,14.282125326502563,-0.14251408230090234
C,o,l,t, ,K,n,o,s,t
13.98556,13.165390299284649,0.820170117890644
M,i,c,h,a,e,l, ,T,h,o,m,p,s,o,n
13.964028,14.813773089463178,-0.849744731003705
R,i,c,k,i,e, ,F,o,w,l,e,r
13.592843,14.006216864292622,-0.41337380856752404
V,i,j,a,y, ,S,i,n,g,h
14.048132,13.76308715155641,0.28504479119261283
L,u,c,a,s, ,G,l,o,v,e,r
13.702649,12.90777562067299,0.7948734958431238
K,e,l,l,y, ,K,r,a,f,t
13.708634,13.719611804984735,-0.010977428458856409
G,r,a,h,a,m, ,D,e,L,a,e,t
13.434602,11.527380485939814,1.9072212978126277
D,i,c,k,y, ,P,r,i,d,e
14.040315,13.238470342572315,0.8018443318051265
T,o,m, ,H,o,g,e
13.295813,12.34884310126544,0.9469695055460843
H,u,n,t,e,r, ,M,a,h,a,n
14.560988,13.842457213655583,0.7185312125529126
H,u,d,s,o,n, ,S,w,a,f,f,o,r,d
13.256657,11.23548411024817,2.0211725364803463
B,r,e,n,d,o,n, ,T,o,d,d
14.131595,12.940009020072443,1.191585637825506
J,a,s,o,n, ,G,o,r,e
14.226722,15.23290743210349,-1.00618566849265
J,u,s,t,i,n, ,T,h,o,m,a,s
13.326298,13.558066668573103,-0.2317689085633372
K,e,n, ,D,u,k,e
14.061039,13.840104629114231,0.2209343418330345
R,o,b,e,r,t, ,G,a,r,r,i,g,u,s
14.118606,14.156061607762943,-0.03745599405444722
D,a,n,n,y, ,L,e,e
14.219623,13.898898126885564,0.32072448511394747
C,h,e,z, ,R,e,a,v,i,e
13.792242,12.617175166855748,1.17506688331515
D,a,w,i,e, ,v,a,n, ,d,e,r, ,W,a,l,t
13.726634,14.372018664914568,-0.645384639340838
B,i,l,l,y, ,H,o,r,s,c,h,e,l
13.700721,14.872907371931177,-1.1721865848828372
B,r,a,n,d,e,n, ,G,r,a,c,e
13.8824005,13.01712729844838,0.8652732142469333
C,a,m,i,l,o, ,V,i,l,l,e,g,a,s
13.306254,13.392282111795451,-0.08602772489359545
P,a,d,r,a,i,g, ,H,a,r,r,i,n,g,t,o,n
13.966802,14.018189326805944,-0.05138768343436162
M,a,r,t,i,n, ,L,a,i,r,d
13.854251,12.580693592343332,1.2735573155546174
H,e,n,r,i,k, ,N,o,r,l,a,n,d,e,r
13.867792,14.892567864859545,-1.0247757353429439
C,h,a,r,l, ,S,c,h,w,a,r,t,z,e,l
13.979697,13.552305139826204,0.4273920876518229
B,l,a,y,n,e, ,B,a,r,b,e,r
13.344301,13.036567988074676,0.3077332356802067
S,t,e,v,e,n, ,B,o,w,d,i,t,c,h
14.525344,14.873260226286911,-0.34791633132841504
J,a,s,o,n, ,D,u,f,n,e,r
13.735252,14.700136407366042,-0.9648840269949481
L,o,u,i,s, ,O,o,s,t,h,u,i,z,e,n
14.173215,14.687658788532309,-0.5144438761177579
G,a,r,y, ,W,o,o,d,l,a,n,d
13.283285,12.00033915572556,1.2829459852656502
A,b,r,a,h,a,m, ,A,n,c,e,r
14.302432,14.515773362319752,-0.21334130207805302
H,a,r,r,i,s, ,E,n,g,l,i,s,h
14.060808,14.411480316507701,-0.3506721347450057
T,o,n,y, ,F,i,n,a,u
13.753201,15.06622600314227,-1.3130254721364114
B,u,b,b,a, ,W,a,t,s,o,n
14.186767,15.030929109104827,-0.8441624846541433
E,m,i,l,i,a,n,o, ,G,r,i,l,l,o
14.009611,13.130317658068165,0.8792934716925771
C,h,e,s,s,o,n, ,H,a,d,l,e,y
13.517052,13.254687291319765,0.26236440545757844
M,a,r,t,i,n, ,P,i,l,l,e,r
13.858247,13.455161730716185,0.4030850725675066
S,c,o,t,t, ,S,t,a,l,l,i,n,g,s
14.043653,14.723357339823723,-0.6797048053388597
J,h,o,n,a,t,t,a,n, ,V,e,g,a,s
13.6262865,14.769547454841279,-1.1432609481884466
G,r,a,e,m,e, ,M,c,D,o,w,e,l,l
13.445893,12.893189178232769,0.5527041094259229
G,e,o,f,f, ,O,g,i,l,v,y
13.87753,14.677353974119187,-0.7998238761577614
J,a,m,e,s, ,H,a,h,n
13.613436,13.895388636702595,-0.28195289146333735
F,r,a,n,c,e,s,c,o, ,M,o,l,i,n,a,r,i
14.103469,13.807135585582085,0.29633330937641134
B,o,o, ,W,e,e,k,l,e,y
13.314353,14.991748790128728,-1.6773958009319507
S,e,r,g,i,o, ,G,a,r,c,i,a
13.945384,13.822702632879034,0.12268139269469636
J,o,h,n, ,H,u,h
14.498943,13.840818590900788,0.6581247379566335
T,y,r,o,n,e, ,V,a,n, ,A,s,w,e,g,e,n
13.683924,13.044243985639076,0.6396797356744006
R,o,b, ,O,p,p,e,n,h,e,i,m
13.834696,14.882064078745826,-1.0473682627057865
S,c,o,t,t, ,P,i,e,r,c,y
13.9570675,14.306856070420213,-0.34978858079619
L,u,k,e, ,D,o,n,a,l,d
14.018238,14.4752302124117,-0.45699214478474737
J,a,s,o,n, ,K,o,k,r,a,k
13.622804,13.551805394893941,0.07099829315537498
S,t,e,v,e, ,M,a,r,i,n,o
13.660658,13.14231893418267,0.5183389485077594
S,a,m, ,S,a,u,n,d,e,r,s
13.910301,13.270207354581393,0.640093853914701
A,n,d,r,e,s, ,G,o,n,z,a,l,e,s
13.941751,12.938517459361895,1.0032330670663274
W,i,l,l, ,M,a,c,K,e,n,z,i,e
14.106192,13.970865084306023,0.13532655082581257
C,h,a,d, ,C,a,m,p,b,e,l,l
14.006779,15.172777418177066,-1.1659987011360506
P,a,u,l, ,C,a,s,e,y
14.1085415,14.099678462956199,0.008863025691262294
J,e,r,r,y, ,K,e,l,l,y
13.901733,14.070413207538985,-0.1686798091014854
P,a,t,r,i,c,k, ,R,o,d,g,e,r,s
13.422005,14.276369375589095,-0.8543646758820636
S,h,a,n,e, ,L,o,w,r,y
14.04239,13.157222670299436,0.885167199390505
T,y,l,e,r, ,A,l,d,r,i,d,g,e
13.535525,11.866626992685116,1.6688983292753328
R,o,d, ,P,a,m,p,l,i,n,g
13.705462,14.246126060043785,-0.5406636042942736
J,i,m, ,F,u,r,y,k
13.81004,13.230356424907521,0.5796840490304671
B,r,o,n,s,o,n, ,B,u,r,g,o,o,n
13.838242,12.71449137504872,1.1237502020997177
S,c,o,t,t, ,P,i,n,c,k,n,e,y
13.771222,13.560001343858488,0.21122077070450018
D,a,v,i,d, ,T,o,m,s
13.611231,13.433753675657725,0.17747717456200185
W,h,e,e, ,K,i,m
13.472571,12.924509821187634,0.5480615517982059
J,e,f,f, ,O,v,e,r,t,o,n
13.929858,14.686887184039799,-0.7570289763371623
B,i,l,l, ,H,a,a,s
13.555226,12.634166449198611,0.9210598767901583
M,a,r,k, ,W,i,l,s,o,n
13.652252,12.989643084321049,0.6626091129445761
S,t,e,w,a,r,t, ,C,i,n,k
13.350851,12.532195078662506,0.8186559802974553
A,n,g,e,l, ,C,a,b,r,e,r,a
13.460014,11.954896064890702,1.5051182783710164
R,h,e,i,n, ,G,i,b,s,o,n
13.711896,12.759055052589396,0.9528408900985923
T,h,o,m,a,s, ,A,i,k,e,n
13.487172,12.158645551957783,1.328526574812237
D,e,r,e,k, ,E,r,n,s,t
13.391236,12.544949132481051,0.8462871727557655
J,.,J,., ,H,e,n,r,y
14.164822,16.110220624171212,-1.945398999415353
J,u,s,t,i,n, ,T,h,o,m,a,s
14.305114,16.059728129972257,-1.7546143375528231
J,o,r,d,a,n, ,S,p,i,e,t,h
13.709387,14.906823269425459,-1.1974364438639356
J,a,s,o,n, ,D,a,y
14.09015,15.621040938114632,-1.5308910586590656
R,i,c,k,i,e, ,F,o,w,l,e,r
13.733373,15.540488458971152,-1.8071157706776955
B,r,o,o,k,s, ,K,o,e,p,k,a
13.816306,14.480406401177817,-0.6641002869810393
A,n,i,r,b,a,n, ,L,a,h,i,r,i
13.738827,13.933620651242594,-0.19479389953360915
W,h,e,e, ,K,i,m
13.431202,13.368864015745183,0.06233791906926989
G,r,a,e,m,e, ,M,c,D,o,w,e,l,l
13.994199,14.55868475652212,-0.5644859573888183
P,h,i,l, ,M,i,c,k,e,l,s,o,n
13.820755,13.883873631169916,-0.0631186262871033
D,a,v,i,d, ,L,i,n,g,m,e,r,t,h
14.049537,14.568442478326713,-0.5189057733096227
C,a,m,e,r,o,n, ,S,m,i,t,h
14.008713,14.01111516974012,-0.002402401185433334
C,h,r,i,s, ,K,i,r,k
13.59039,14.15788463015582,-0.5674944247725193
J,o,n,a,s, ,B,l,i,x,t
13.823766,13.786514197522683,0.037251557177024
C,a,m,i,l,o, ,V,i,l,l,e,g,a,s
14.067265,13.403873945237276,0.6633906116474897
J,.,T,., ,P,o,s,t,o,n
14.075952,14.932326156486257,-0.8563745802533465
P,a,t,r,i,c,k, ,R,e,e,d
14.170458,14.730099843198671,-0.5596420032328506
W,e,s,l,e,y, ,B,r,y,a,n
13.630123,14.082138029728151,-0.4520148913004167
C,o,d,y, ,G,r,i,b,b,l,e
14.243681,15.055336488405082,-0.81165553442559
A,d,a,m, ,H,a,d,w,i,n
14.162824,15.982527099018798,-1.8197034219558095
D,u,s,t,i,n, ,J,o,h,n,s,o,n
13.329174,12.011401141104225,1.3177729006438224
C,a,r,l, ,P,e,t,t,e,r,s,s,o,n
13.347721,12.378074469917273,0.9696466299362427
B,r,i,a,n, ,C,a,m,p,b,e,l,l
13.376901,13.773489928701661,-0.39658925578906334
L,u,k,e, ,D,o,n,a,l,d
13.646271,12.76971175760319,0.876558994349935
M,a,t,t, ,E,v,e,r,y
14.121133,14.29257110350028,-0.1714382528533065
D,a,n,n,y, ,L,e,e
13.841313,13.42707511840635,0.4142382437152321
S,a,m, ,S,a,u,n,d,e,r,s
14.073375,15.288303664700782,-1.214928916470802
P,a,t, ,P,e,r,e,z
13.977177,12.78979550880883,1.187381157450936
P,e,t,e,r, ,M,a,l,n,a,t,i
13.61218,14.084349967206876,-0.47217021104232515
C,h,r,i,s, ,S,t,r,o,u,d
13.425529,13.53494444027785,-0.10941591397169681
A,a,r,o,n, ,B,a,d,d,e,l,e,y
14.145319,15.271135300274974,-1.1258163152896223
D,a,n,i,e,l, ,B,e,r,g,e,r
13.236807,13.491044161950224,-0.25423729244338844
S,o,r,e,n, ,K,j,e,l,d,s,e,n
13.4034,14.301513635698909,-0.8981132145563304
B,r,a,n,d,t, ,S,n,e,d,e,k,e,r
13.4096,14.533170334912647,-1.123570077039112
P,a,t,r,i,c,k, ,C,a,n,t,l,a,y
13.958534,15.584750011137336,-1.6262157704146798
M,a,r,c, ,L,e,i,s,h,m,a,n
13.991346,13.538623344140118,0.4527230151128112
T,r,e,y, ,M,u,l,l,i,n,a,x
13.564739,12.750229558403051,0.8145096688918709
G,r,e,g, ,C,h,a,l,m,e,r,s
13.886493,13.708471968461092,0.17802076072591966
D,e,r,e,k, ,F,a,t,h,a,u,e,r
14.132084,15.627603069349227,-1.4955191765269618
J,o,n, ,R,a,h,m
14.443551,14.98167120865104,-0.5381201451134423
W,e,b,b, ,S,i,m,p,s,o,n
14.124331,13.777567747944861,0.34676372635933816
R,y,a,n, ,B,l,a,u,m
14.119132,15.277068687333887,-1.157936645402735
X,a,n,d,e,r, ,S,c,h,a,u,f,f,e,l,e
14.169065,13.589091648516144,0.5799738269477235
V,a,u,g,h,n, ,T,a,y,l,o,r
14.074559,14.37416760073611,-0.29960838900515263
S,c,o,t,t, ,B,r,o,w,n
14.118983,14.362677754132703,-0.24369448539490968
K,e,v,i,n, ,N,a
13.55301,12.927464658655365,0.625545328222076
T,i,m, ,W,i,l,k,i,n,s,o,n
14.281369,15.241267670251576,-0.9598984609620249
C,h,a,r,l,e,y, ,H,o,f,f,m,a,n
13.789447,14.380657307606143,-0.5912104768566309
M,a,r,t,i,n, ,L,a,i,r,d
13.958377,13.378833381723343,0.5795435027371063
S,e,a,m,u,s, ,P,o,w,e,r
13.707017,13.102009638273916,0.6050073066113377
T,a,g, ,R,i,d,i,n,g,s
14.069412,13.620811110175874,0.44860112126943896
B,l,a,y,n,e, ,B,a,r,b,e,r
14.301368,14.19662969339551,0.10473806630908022
S,t,e,w,a,r,t, ,C,i,n,k
13.746757,14.118266447433266,-0.3715098937833634
J,.,B,., ,H,o,l,m,e,s
13.981696,13.89312508923291,0.0885710396123045
S,e,u,n,g,-,Y,u,l, ,N,o,h
13.398044,14.583781444645492,-1.1857378121381679
C,h,a,r,l, ,S,c,h,w,a,r,t,z,e,l
13.185951,11.957136814713504,1.2288144181966523
E,r,n,i,e, ,E,l,s
13.851684,14.87185884069101,-1.0201752240528261
F,r,a,n,c,e,s,c,o, ,M,o,l,i,n,a,r,i
14.011479,14.202548252735921,-0.19106887498933922
K,e,v,i,n, ,T,w,a,y
13.85554,13.573129394702645,0.282410880871085
S,m,y,l,i,e, ,K,a,u,f,m,a,n
13.911259,13.624500162301452,0.28675853520831396
D,a,n,i,e,l, ,S,u,m,m,e,r,h,a,y,s
14.11062,14.256139443028742,-0.14551989804583165
B,u,d, ,C,a,u,l,e,y
14.21192,13.833550848943933,0.3783689356019657
M,i,c,h,a,e,l, ,K,i,m
13.437168,14.703476298139524,-1.2663081768016333
R,o,r,y, ,M,c,I,l,r,o,y
13.719865,15.261324931043703,-1.5414600857678238
J,u,s,t,i,n, ,R,o,s,e
14.31406,14.47844437710555,-0.16438416592390936
K,e,e,g,a,n, ,B,r,a,d,l,e,y
13.981315,13.48642159775331,0.4948930613653424
B,i,l,l,y, ,H,u,r,l,e,y, ,I,I,I
14.135107,15.27004470707491,-1.1349376666696358
M,a,t,t, ,K,u,c,h,a,r
13.99325,14.278166005328691,-0.2849161121402144
R,o,b,e,r,t, ,S,t,r,e,b
13.585746,13.1699566350907,0.4157891763717032
R,i,c,k, ,L,a,m,b
13.8235855,13.252833589392717,0.5707519208611895
T,r,o,y, ,M,e,r,r,i,t,t
13.783364,13.583343920772371,0.20002037518710125
C,a,m,e,r,o,n, ,T,r,i,n,g,a,l,e
14.59926,15.039904915659186,-0.44064458545899043
K,y,l,e, ,S,t,a,n,l,e,y
14.182479,14.624701484715452,-0.44222257999133063
H,u,d,s,o,n, ,S,w,a,f,f,o,r,d
13.600943,12.586954718377486,1.01398789331685
K,.,J,., ,C,h,o,i
13.426308,12.675288464534898,0.7510192136877585
R,y,o, ,I,s,h,i,k,a,w,a
13.53517,14.343277661019807,-0.8081080595793768
A,d,a,m, ,S,c,o,t,t
14.256927,13.57769996960666,0.6792265669533979
Z,a,c, ,B,l,a,i,r
13.732021,13.335024984584066,0.3969963472030429
B,e,n, ,C,r,a,n,e
13.662615,14.556659496745247,-0.8940446743575521
I,a,n, ,P,o,u,l,t,e,r
13.550089,13.449856853901785,0.10023202854450375
C,h,a,d, ,C,o,l,l,i,n,s
14.064514,14.672286077399773,-0.6077719172435234
M,a,c,k,e,n,z,i,e, ,H,u,g,h,e,s
13.381284,13.630878333633078,-0.24959457356227688
S,h,a,n,e, ,L,o,w,r,y
13.709288,13.70312430842514,0.006163335007476789
D,.,A,., ,P,o,i,n,t,s
13.377002,13.144187489534344,0.23281427285579248
J,o,n,a,t,h,a,n, ,R,a,n,d,o,l,p,h
14.022346,14.962790463610675,-0.9404449207029604
K,e,v,i,n, ,C,h,a,p,p,e,l,l
14.210282,14.486321123390972,-0.2760387976463434
L,u,c,a,s, ,G,l,o,v,e,r
13.807105,12.95294541006165,0.8541596543304397
A,n,d,r,e,s, ,G,o,n,z,a,l,e,s
14.2760105,15.377214308462268,-1.1012037951566036
K,e,v,i,n, ,K,i,s,n,e,r
13.715413,12.295369325890377,1.4200437676765176
S,t,e,v,e,n, ,A,l,k,e,r
13.91286,14.287802816299406,-0.37494289961239424
G,r,a,h,a,m, ,D,e,L,a,e,t
13.310604,13.242632209795273,0.06797188566371126
S,e,b,a,s,t,i,a,n, ,M,u,n,o,z
13.638535,15.074674709388965,-1.4361401634905278
S,e,r,g,i,o, ,G,a,r,c,i,a
13.510845,13.674544741223082,-0.16369955689691018
D,o,m,i,n,i,c, ,B,o,z,z,e,l,l,i
14.056994,13.653365676149,0.40362876202238596
B,e,n, ,M,a,r,t,i,n
13.906092,13.931166889342954,-0.025075199279477545
J,.,J,., ,S,p,a,u,n
13.558512,13.013023844836852,0.5454878891719375
J,u,l,i,a,n, ,E,t,u,l,a,i,n
13.919794,13.69927108040891,0.22052300223269228
R,i,c,h,y, ,W,e,r,e,n,s,k,i
13.764539,13.666112234448578,0.09842653050503536
B,r,a,n,d,o,n, ,H,a,g,y
13.759413,13.43761927362201,0.32179349188091955
J,o,h,n,s,o,n, ,W,a,g,n,e,r
13.509431,14.948659851920201,-1.4392289666052598
L,o,u,i,s, ,O,o,s,t,h,u,i,z,e,n
13.767415,13.670437385946725,0.09697766074516956
H,a,r,r,i,s, ,E,n,g,l,i,s,h
13.643881,14.027462920879923,-0.38358207676371237
B,y,e,o,n,g, ,H,u,n, ,A,n
13.925979,13.629249652113577,0.296729008469919
M,a,r,t,i,n, ,F,l,o,r,e,s
13.928364,13.55099147353892,0.37737232650990826
J,o,h,n, ,H,u,h
13.54272,14.016922069863247,-0.4742022288598289
B,u,b,b,a, ,W,a,t,s,o,n
13.724749,12.327878689138464,1.3968699223117316
K,e,n, ,D,u,k,e
14.070174,14.088073408834072,-0.017899191609950904
K,e,v,i,n, ,S,t,r,e,e,l,m,a,n
13.983939,14.425990005150146,-0.4420508343127434
J,a,m,e,s, ,H,a,h,n
13.718482,14.002514468742435,-0.28403245122534493
J,i,m, ,H,e,r,m,a,n
13.778402,14.018455483585287,-0.24005315509407588
W,i,l,l,i,a,m, ,M,c,G,i,r,t
14.093212,13.769818390045074,0.3233937376404725
S,c,o,t,t, ,S,t,a,l,l,i,n,g,s
13.74256,12.910100417186332,0.8324599694713832
S,h,a,w,n, ,S,t,e,f,a,n,i
14.345424,14.100645138311707,0.2447785601135859
C,h,a,d, ,C,a,m,p,b,e,l,l
14.08251,13.5932541130548,0.4892558814520367
D,a,v,i,d, ,H,e,a,r,n
13.721236,12.889820793244274,0.831415435698597
R,y,a,n, ,B,r,e,h,m
13.801079,12.509988484463582,1.2910903119231367
B,r,e,t,t, ,S,t,e,g,m,a,i,e,r
13.748237,13.001336335645295,0.74690032054367
R,y,a,n, ,A,r,m,o,u,r
13.933031,14.882664858745605,-0.9496337765922842
B,r,e,n,d,a,n, ,S,t,e,e,l,e
14.231943,13.730800893636882,0.5011422368562819
H,a,r,o,l,d, ,V,a,r,n,e,r, ,I,I,I
14.068632,14.907509358987056,-0.838877233132564
G,a,r,y, ,W,o,o,d,l,a,n,d
13.551848,12.022390163096878,1.5294582484631807
B,r,a,d, ,F,r,i,t,s,c,h
13.8970175,13.059911211646307,0.8371062672965639
S,p,e,n,c,e,r, ,L,e,v,i,n
13.432802,12.136840459695541,1.2959617406218413
M,i,g,u,e,l, ,A,n,g,e,l, ,C,a,r,b,a,l,l,o
13.509735,13.232288061381322,0.27744704604055315
J,i,m, ,F,u,r,y,k
13.405742,12.532617193899016,0.8731244976903394
H,u,n,t,e,r, ,M,a,h,a,n
13.91547,14.89553006717507,-0.9800599438840543
J,h,o,n,a,t,t,a,n, ,V,e,g,a,s
13.580776,12.124797512065191,1.4559787025344182
B,r,e,t,t, ,D,r,e,w,i,t,t
13.859261,14.808006119192562,-0.948745560110531
B,i,l,l,y, ,H,o,r,s,c,h,e,l
13.395895,14.08938752696432,-0.6934925226918587
B,r,a,n,d,e,n, ,G,r,a,c,e
13.638373,13.67308025868924,-0.03470688375027464
G,e,o,f,f, ,O,g,i,l,v,y
13.822621,14.052674561779147,-0.23005321625912778
C,.,T,., ,P,a,n
13.693596,13.343413539106676,0.35018234712379304
C,a,m,e,r,o,n, ,P,e,r,c,y
13.933871,13.622121178155306,0.3117500910707687
N,i,c,k, ,W,a,t,n,e,y
13.975646,13.975678526116788,-3.2507134854142805E-5
J,a,s,o,n, ,K,o,k,r,a,k
13.70214,12.0192007516374,1.6829391027937515
J,a,s,o,n, ,B,o,h,n
13.371177,14.246916929667883,-0.8757402100023555
R,o,d, ,P,a,m,p,l,i,n,g
13.801969,13.02710499625843,0.7748635782654958
K,y,l,e, ,R,e,i,f,e,r,s
13.627391,12.814100294795015,0.8132905667162156
R,o,b,e,r,t,o, ,C,a,s,t,r,o
13.76511,13.507454334927989,0.2576556809411521
J,.,J,., ,H,e,n,r,y
13.546057,14.11288698791678,-0.5668302404802574
P,a,t,r,i,c,k, ,R,o,d,g,e,r,s
13.892397,12.940668824002659,0.9517281028772242
B,o,o, ,W,e,e,k,l,e,y
13.037559,10.112532179470836,2.925026376132191
S,t,e,v,e,n, ,B,o,w,d,i,t,c,h
13.417379,13.5574649546408,-0.14008557536833877
R,y,a,n, ,P,a,l,m,e,r
14.373747,15.95054656198255,-1.5767996900343082
D,u,s,t,i,n, ,J,o,h,n,s,o,n
14.235257,15.340519791733964,-1.1052626429912884
P,h,i,l, ,M,i,c,k,e,l,s,o,n
14.392055,15.090402856646849,-0.6983482988465557
K,e,v,i,n, ,N,a
13.993317,12.948012371209098,1.0453042791815275
P,e,t,e,r, ,M,a,l,n,a,t,i
14.504088,14.582140515284022,-0.07805211348958885
B,r,i,a,n, ,G,a,y
13.978017,15.911154749889805,-1.9331378965572856
J,u,s,t,i,n, ,R,o,s,e
14.02559,14.080647129879981,-0.05505718694785244
O,l,l,i,e, ,S,c,h,n,i,e,d,e,r,j,a,n,s
13.884319,15.299452365351977,-1.4151330599320548
R,o,r,y, ,M,c,I,l,r,o,y
13.01741,12.365253509882486,0.6521567684378269
D,a,n,i,e,l, ,S,u,m,m,e,r,h,a,y,s
13.948127,13.332230384144786,0.6158964087629286
D,a,v,i,d, ,L,i,n,g,m,e,r,t,h
13.791217,13.797281412096654,-0.006064561815891878
S,a,m, ,S,a,u,n,d,e,r,s
13.986262,13.789717765397794,0.1965445560743735
J,o,h,n, ,H,u,h
14.360216,14.48724715916574,-0.12703101841866982
Z,a,c,h, ,J,o,h,n,s,o,n
14.1028185,14.054043876961169,0.048774612113538396
D,a,n,n,y, ,L,e,e
14.005891,14.71117767762634,-0.7052868313738987
B,r,a,n,d,t, ,S,n,e,d,e,k,e,r
14.072247,15.25894961060774,-1.186703059094068
R,i,c,k,i,e, ,F,o,w,l,e,r
14.26401,14.46801229091864,-0.20400186153631594
W,h,e,e, ,K,i,m
14.16076,15.509995252167297,-1.3492353263250116
T,i,g,e,r, ,W,o,o,d,s
13.71204,15.18545879618798,-1.4734188486782145
T,o,m,m,y, ,F,l,e,e,t,w,o,o,d
14.2417345,13.953631154067308,0.2881033506323991
B,r,a,n,d,o,n, ,H,a,r,k,i,n,s
13.511019,13.186156620891492,0.32486213216026627
B,e,n, ,M,a,r,t,i,n
13.570661,14.137402734484551,-0.5667421433590629
M,i,c,h,a,e,l, ,K,i,m
14.004226,15.426200885798693,-1.4219751549026967
P,a,t,r,i,c,k, ,R,e,e,d
12.768626,12.57079214508949,0.19783406798424075
G,r,e,g, ,C,h,a,l,m,e,r,s
13.834044,13.754337035529455,0.07970742095247907
J,.,T,., ,P,o,s,t,o,n
13.808023,15.199972491213229,-1.39194903845444
J,o,n, ,R,a,h,m
14.124195,15.064381964143935,-0.9401868652669823
A,a,r,o,n, ,W,i,s,e
13.614257,12.878080455750926,0.736176403074758
D,o,m,i,n,i,c, ,B,o,z,z,e,l,l,i
14.41014,14.121922623822606,0.28821741371401544
T,o,m, ,H,o,g,e
14.26703,14.729062743440918,-0.4620329811728521
E,m,i,l,i,a,n,o, ,G,r,i,l,l,o
13.938222,14.804113393241899,-0.8658914617843791
H,i,d,e,k,i, ,M,a,t,s,u,y,a,m,a
13.730797,14.210550849335313,-0.479754035370469
R,y,a,n, ,P,a,l,m,e,r
13.852564,13.394406801155514,0.45815705687671304
J,o,h,n,s,o,n, ,W,a,g,n,e,r
14.23279,14.154003608507798,0.07878638477833455
N,i,c,k, ,W,a,t,n,e,y
13.749277,13.99661470735179,-0.24733759248362652
A,l,e,x, ,C,e,j,k,a
14.379123,14.7111576690063,-0.33203493493647507
A,u,s,t,i,n, ,C,o,o,k
13.910483,14.522221335641648,-0.6117379753511205
J,i,m,m,y, ,W,a,l,k,e,r
13.969402,15.277653999628606,-1.3082516863961846
B,i,l,l,y, ,H,o,r,s,c,h,e,l
13.925109,13.5837550298015,0.34135387980543364
B,e,n, ,S,i,l,v,e,r,m,a,n
14.322627,15.90669401771534,-1.5840669501494222
B,r,y,s,o,n, ,D,e,C,h,a,m,b,e,a,u
13.669518,13.98461515427538,-0.31509668351121967
T,r,e,y, ,M,u,l,l,i,n,a,x
14.656973,14.416603303027966,0.24036958210387027
C,h,r,i,s, ,K,i,r,k
13.755932,12.867757538369013,0.8881743158790343
C,a,m,e,r,o,n, ,P,e,r,c,y
13.753107,13.796201328927152,-0.043094258004300556
R,y,a,n, ,B,l,a,u,m
13.983901,13.889390004007893,0.09451101985685284
S,c,o,t,t, ,B,r,o,w,n
14.133221,14.357891242548314,-0.2246705699408924
M,a,t,t, ,K,u,c,h,a,r
13.810697,13.294366885745285,0.5163297161223905
N,i,c,h,o,l,a,s, ,L,i,n,d,h,e,i,m
13.547833,13.649814823053495,-0.10198138036550652
M,a,r,t,i,n, ,P,i,l,l,e,r
14.418294,13.901469881739942,0.5168240712019525
B,r,i,a,n, ,S,t,u,a,r,d
13.966112,15.213619353001283,-1.2475072161604626
X,a,n,d,e,r, ,S,c,h,a,u,f,f,e,l,e
13.664561,13.591678019352818,0.07288325231466253
H,a,r,r,i,s, ,E,n,g,l,i,s,h
14.202286,15.079962091111838,-0.8776763245102757
P,a,t,t,o,n, ,K,i,z,z,i,r,e
13.743599,13.8329368345626,-0.08933789657431923
M,a,r,t,i,n, ,L,a,i,r,d
13.890415,14.282974088890033,-0.3925588972396419
J,.,B,., ,H,o,l,m,e,s
13.594964,13.196876981563978,0.398087045840807
M,a,t,t, ,J,o,n,e,s
13.781835,14.814099544160724,-1.0322649418047671
I,a,n, ,P,o,u,l,t,e,r
13.992134,14.06785556612637,-0.0757214718880892
P,a,t,r,i,c,k, ,R,o,d,g,e,r,s
14.207177,13.545778417235471,0.6613987449349388
T,y,r,o,n,e, ,V,a,n, ,A,s,w,e,g,e,n
14.074345,14.821079495629197,-0.7467348606194317
B,r,i,a,n, ,H,a,r,m,a,n
14.286399,14.808768997619001,-0.522370109984724
C,h,e,z, ,R,e,a,v,i,e
14.258837,14.332334555461811,-0.07349780924599081
A,b,r,a,h,a,m, ,A,n,c,e,r
13.899329,14.033286931714796,-0.1339577462289565
S,u,n,g, ,K,a,n,g
13.798472,12.539035158843202,1.2594372456367786
R,o,b, ,O,p,p,e,n,h,e,i,m
14.016541,13.78059918624709,0.23594134109666065
V,a,u,g,h,n, ,T,a,y,l,o,r
14.173632,14.637979721502063,-0.46434805341124274
S,i, ,W,o,o, ,K,i,m
13.900332,14.180989433317114,-0.2806569824504148
A,n,i,r,b,a,n, ,L,a,h,i,r,i
14.233878,14.447732415251632,-0.2138542795704801
C,.,T,., ,P,a,n
14.010758,13.015370418925354,0.9953879810380251
M,a,r,t,i,n, ,F,l,o,r,e,s
13.53781,14.240312825578169,-0.7025024999556102
B,r,a,n,d,e,n, ,G,r,a,c,e
13.810686,12.789349154954406,1.021336956495789
L,a,n,t,o, ,G,r,i,f,f,i,n
14.025875,14.498054219390026,-0.47217912783729155
J,.,J,., ,S,p,a,u,n
14.53586,14.725864501935556,-0.19000444029004804
R,y,a,n, ,A,r,m,o,u,r
13.905941,14.711544703518442,-0.8056036939969573
R,a,f,a, ,C,a,b,r,e,r,a, ,B,e,l,l,o
13.622459,11.889469700649684,1.7329897109714096
B,i,l,l,y, ,H,u,r,l,e,y, ,I,I,I
14.21375,14.137263567745176,0.07648631781390591
K,e,v,i,n, ,T,w,a,y
13.8328285,15.572289790496816,-1.7394612687683004
B,u,b,b,a, ,W,a,t,s,o,n
13.796187,13.45995356031922,0.33623384049865024
T,o,m, ,L,o,v,e,l,a,d,y
13.917481,15.107980385161289,-1.1904989627369726
P,a,u,l, ,C,a,s,e,y
13.771216,12.630051969589621,1.141164422927469
B,r,e,t,t, ,S,t,e,g,m,a,i,e,r
14.230734,14.400197980728718,-0.1694641092687572
J,a,s,o,n, ,K,o,k,r,a,k
14.109404,13.934232708070166,0.1751709021593264
R,o,r,y, ,S,a,b,b,a,t,i,n,i
13.632954,13.242758110718507,0.3901955330803215
M,i,c,h,a,e,l, ,T,h,o,m,p,s,o,n
14.108761,14.450609046150975,-0.34184821241074026
S,t,e,w,a,r,t, ,C,i,n,k
13.705449,13.39116839408642,0.31428071022266124
T,a,l,o,r, ,G,o,o,c,h
13.970968,14.152437691104375,-0.1814694446444136
C,h,a,r,l,e,y, ,H,o,f,f,m,a,n
14.154216,14.205413873710622,-0.05119806102751667
J,o,e,l, ,D,a,h,m,e,n
14.02755,13.341309331119636,0.6862404125327082
D,a,v,i,d, ,H,e,a,r,n
13.685857,13.915232808436327,-0.22937598928349523
S,e,a,n, ,O,',H,a,i,r
13.424481,12.840703137271042,0.5837782546356962
D,.,A,., ,P,o,i,n,t,s
13.646361,12.806259882316192,0.8401014686969912
E,t,h,a,n, ,T,r,a,c,y
13.728652,12.60873716899289,1.1199148314343557
M,a,t,t, ,E,v,e,r,y
14.178408,14.198200946482288,-0.01979327741490522
B,r,i,c,e, ,G,a,r,n,e,t,t
13.98015,12.987761697941417,0.9923885248369029
F,a,b,i,a,n, ,G,o,m,e,z
13.970009,14.142149606870793,-0.17214075677313723
J,a,m,e,s, ,H,a,h,n
13.7223835,15.43803072334257,-1.7156472241970615
F,r,a,n,c,e,s,c,o, ,M,o,l,i,n,a,r,i
13.958361,13.16772672435584,0.790633947641231
S,h,a,w,n, ,S,t,e,f,a,n,i
13.955637,15.192754588109578,-1.2371176099601637
P,a,t,r,i,c,k, ,C,a,n,t,l,a,y
13.779047,12.140995312592926,1.6380516997361756
C,o,n,r,a,d, ,S,h,i,n,d,l,e,r
14.168994,15.18058153799512,-1.0115875881049838
K,y,l,e, ,S,t,a,n,l,e,y
13.75214,13.495204737787159,0.25693530737885695
A,a,r,o,n, ,B,a,d,d,e,l,e,y
14.219572,14.594708821245531,-0.37513675398478874
C,h,a,r,l,e,s, ,H,o,w,e,l,l, ,I,I,I
13.317295,14.808447096108083,-1.491152021645192
A,l,e,x, ,N,o,r,e,n
13.279522,14.352108016628735,-1.0725860744900633
C,h,a,r,l, ,S,c,h,w,a,r,t,z,e,l
13.2823105,13.091353502866427,0.19095698297341634
K,i,r,a,d,e,c,h, ,A,p,h,i,b,a,r,n,r,a,t
13.886448,14.474318332383572,-0.587870425889431
A,d,a,m, ,H,a,d,w,i,n
13.854472,14.23187406222113,-0.37740190188177536
R,u,s,s,e,l,l, ,H,e,n,l,e,y
14.035446,14.685707926031842,-0.6502617590396547
A,n,d,r,e,w, ,P,u,t,n,a,m
14.34673,15.219021607681853,-0.8722913754430834
K,e,e,g,a,n, ,B,r,a,d,l,e,y
13.608214,12.643217282894128,0.964997095462806
S,t,e,v,e, ,W,h,e,a,t,c,r,o,f,t
13.814597,13.461731417137567,0.35286571268420985
R,o,b,e,r,t, ,G,a,r,r,i,g,u,s
13.830727,14.290711905637309,-0.45998528210215284
K,e,v,i,n, ,C,h,a,p,p,e,l,l
13.904636,14.402026971994802,-0.49739058893816157
P,e,t,e,r, ,U,i,h,l,e,i,n
13.206821,11.39755950582945,1.80926193582094
M,a,t,t, ,A,t,k,i,n,s
14.147397,14.310974797497565,-0.16357775617676396
K,e,i,t,h, ,M,i,t,c,h,e,l,l
14.068854,13.953159835451125,0.11569449651909025
S,c,o,t,t, ,S,t,a,l,l,i,n,g,s
13.682928,12.953376517042074,0.7295515682850748
S,t,e,p,h,a,n, ,J,a,e,g,e,r
13.499024,12.600308271686789,0.8987161194875277
N,a,t,e, ,L,a,s,h,l,e,y
13.993255,14.770738885994799,-0.7774842244347404
B,y,e,o,n,g, ,H,u,n, ,A,n
14.200168,14.169001438147873,0.031166217796950946
R,u,s,s,e,l,l, ,K,n,o,x
13.72103,12.927819430584478,0.7932108047060495
R,o,b,e,r,t, ,S,t,r,e,b
13.592229,13.454392902639041,0.13783598682629083
S,h,a,n,e, ,L,o,w,r,y
13.566525,12.37003927660215,1.1964861826874014
R,o,b,e,r,t,o, ,D,i,a,z
13.920302,14.448024116667284,-0.5277217256150379
S,c,o,t,t, ,P,i,e,r,c,y
14.117886,14.949781453781624,-0.8318958641820142
G,a,r,y, ,W,o,o,d,l,a,n,d
14.268527,13.49846146487968,0.7700655660651439
C,o,r,e,y, ,C,o,n,n,e,r,s
14.171105,14.236614079497008,-0.06550869467034737
K,e,v,i,n, ,S,t,r,e,e,l,m,a,n
13.367758,10.12173915776991,3.2460186394713
K,y,l,e, ,T,h,o,m,p,s,o,n
13.885173,14.62093274390545,-0.7357598999723454
A,d,a,m, ,S,c,o,t,t
13.396171,14.479928477118516,-1.083757860968614
T,y,r,r,e,l,l, ,H,a,t,t,o,n
13.676819,14.801508679329915,-1.124689831673665
H,e,n,r,i,k, ,S,t,e,n,s,o,n
13.594565,12.948904827868168,0.6456605636723598
X,i,n,j,u,n, ,Z,h,a,n,g
13.575208,13.070905859006437,0.504301851259676
A,d,a,m, ,S,c,h,e,n,k
13.449619,13.579004373008125,-0.1293850797952345
L,u,c,a,s, ,G,l,o,v,e,r
13.536018,14.219410441747709,-0.6833920701656773
J,a,s,o,n, ,D,u,f,n,e,r
13.635492,13.366742254701842,0.2687500701272594
B,i,l,l, ,H,a,a,s
13.652209,12.09770204856415,1.5545072333572367
C,a,m,e,r,o,n, ,T,r,i,n,g,a,l,e
13.92839,13.594812763347354,0.33357678590801676
C,h,a,d, ,C,a,m,p,b,e,l,l
13.520813,14.64455439420737,-1.1237414059261202
B,r,e,n,d,a,n, ,S,t,e,e,l,e
13.355339,11.418537859463333,1.9368011908296356
Z,e,c,h,e,n,g, ,D,o,u
